"","X","Sample","Condition","Sex","Age_Days","Pigmentation","Group","Weight_mg","Length_cm"
"1",1,1,"Control","Female",1,33,"A",4.31852518080681,0.921109337043722
"2",2,2,"Control","Male",2,77,"A",8.33173355729863,1.83379862589991
"3",3,3,"Control","Female",3,15,"A",15.7957246398456,4.14459883895719
"4",4,4,"Control","Male",4,39,"A",16.3519950683386,4.98573008030553
"5",5,5,"Control","Female",5,13,"A",23.4029533864426,6.53262255737673
"6",6,6,"Control","Male",1,52,"A",5.41294957912214,0.936384138838491
"7",7,7,"Control","Female",2,10,"A",6.63446147953805,2.12336172510977
"8",8,8,"Control","Male",3,29,"A",16.3267510747907,4.16367420203547
"9",9,9,"Control","Female",4,13,"A",19.5947618869243,5.39751539311694
"10",10,10,"Control","Male",5,41,"A",20.3366725608492,4.85314038444336
"11",11,11,"Control","Female",1,21,"A",5.66880663350642,0.696497397811524
"12",12,12,"Control","Male",2,28,"A",10.8029812403461,2.26894138371118
"13",13,13,"Control","Female",3,96,"A",10.8508324587403,2.703567560544
"14",14,14,"Control","Male",4,31,"A",15.3806331003369,4.19977247753079
"15",15,15,"Control","Female",5,73,"A",17.4679700326534,5.97226826697024
"16",16,16,"Control","Male",1,52,"A",3.75106819056027,1.19350688257309
"17",17,17,"Control","Female",2,26,"A",9.20704810097048,2.55349701049622
"18",18,18,"Control","Male",3,11,"A",16.5199323016247,3.89141357907133
"19",19,19,"Control","Female",4,42,"A",15.0617868329183,4.08340089310789
"20",20,20,"Control","Male",5,75,"A",21.767760556968,6.15931234537459
"21",21,21,"Control","Female",1,5,"A",7.0584305034865,0.958633795341687
"22",22,22,"Control","Male",2,55,"A",11.9493308890711,2.962099719429
"23",23,23,"Control","Female",3,4,"A",6.2453215279405,1.2837119708218
"24",24,24,"Control","Male",4,49,"A",14.3083598334539,3.18948116437077
"25",25,25,"Control","Female",5,89,"A",20.8124232195078,5.77479539497961
"26",26,26,"Control","Male",1,27,"A",2.1968941811597,0.789570841510838
"27",27,27,"Control","Female",2,59,"A",8.59378481994168,2.15887399846547
"28",28,28,"Control","Male",3,5,"A",11.2406483408937,3.37383371150001
"29",29,29,"Control","Female",4,6,"A",10.6083901396422,3.0102064538207
"30",30,30,"Control","Male",5,100,"A",17.2143801287482,4.85101133686374
"31",31,31,"Control","Female",1,9,"A",4.8983772516901,0.874821402119926
"32",32,32,"Control","Male",2,56,"A",13.5042849441737,3.33574806615172
"33",33,33,"Control","Female",3,50,"A",11.7909666950408,2.65737564289836
"34",34,34,"Control","Male",4,51,"A",12.6055214543157,3.46255593571586
"35",35,35,"Control","Female",5,28,"A",21.1263811969427,5.56640958016902
"36",36,36,"Control","Male",1,13,"A",5.82656207611472,1.13924163541762
"37",37,37,"Control","Female",2,15,"A",6.75135183113814,1.56860347490794
"38",38,38,"Control","Male",3,6,"A",11.2588477622626,2.56039628920621
"39",39,39,"Control","Female",4,58,"A",17.45187183765,4.52960874437397
"40",40,40,"Control","Male",5,84,"A",17.5166081063203,4.48663407514168
"41",41,41,"Control","Female",1,77,"A",5.7940168203329,0.946510565442772
"42",42,42,"Control","Male",2,14,"A",9.90078215286994,2.24333697060107
"43",43,43,"Control","Female",3,71,"A",17.2450135903473,4.6930089463376
"44",44,44,"Control","Male",4,73,"A",13.527388644541,3.438717132291
"45",45,45,"Control","Female",5,55,"A",11.1554893907992,3.60860972236051
"46",46,46,"Control","Male",1,66,"A",2.48640455054788,0.779796200080011
"47",47,47,"Control","Female",2,73,"A",13.318466687159,2.20705677782811
"48",48,48,"Control","Male",3,41,"A",13.3217603053633,3.47445269131376
"49",49,49,"Control","Female",4,62,"A",14.9744723441078,4.50271772638367
"50",50,50,"Control","Male",5,35,"A",17.8677577631417,6.25102144378791
"51",51,51,"Control","Female",1,22,"A",5.97941273085063,0.759715425700686
"52",52,52,"Control","Male",2,4,"A",4.48706552970862,0.709153505742673
"53",53,53,"Control","Female",3,47,"A",14.4058097461814,3.62874548541023
"54",54,54,"Control","Male",4,35,"A",11.3146695037529,2.75532776409051
"55",55,55,"Control","Female",5,100,"A",15.1784600475488,4.00278952557096
"56",56,56,"Control","Male",1,75,"A",5.60743370629169,0.890243086812626
"57",57,57,"Control","Female",2,73,"A",9.61692812369895,1.83248261590668
"58",58,58,"Control","Male",3,25,"A",16.5433912221023,3.78425590016628
"59",59,59,"Control","Female",4,40,"A",21.7260401750563,6.39748111347174
"60",60,60,"Control","Male",5,24,"A",6.54422708071685,1.79641780601029
"61",61,61,"Control","Female",1,62,"A",10.2047559473041,1.75322820678445
"62",62,62,"Control","Male",2,18,"A",10.1774071314247,3.06889734186344
"63",63,63,"Control","Female",3,71,"A",13.1623448164027,3.6024888517204
"64",64,64,"Control","Male",4,44,"A",16.503294394275,5.40426638435746
"65",65,65,"Control","Female",5,62,"A",10.1628795559104,3.13980876925636
"66",66,66,"Control","Male",1,18,"A",4.44412747131804,0.802189582996134
"67",67,67,"Control","Female",2,3,"A",8.89232190927964,2.58395654322996
"68",68,68,"Control","Male",3,78,"A",7.11583451115936,2.20812512650821
"69",69,69,"Control","Female",4,17,"A",8.92784617682962,2.38826929154168
"70",70,70,"Control","Male",5,41,"A",22.3715773353423,6.89136459473126
"71",71,71,"Control","Female",1,8,"A",6.58957152976406,1.34408525118742
"72",72,72,"Control","Male",2,86,"A",10.0538217119979,1.9155799592667
"73",73,73,"Control","Female",3,56,"A",11.2606763570472,3.18239679656064
"74",74,74,"Control","Male",4,40,"A",22.2569711839255,5.82455390727078
"75",75,75,"Control","Female",5,66,"A",20.6254577438017,5.6330018765006
"76",76,76,"Control","Male",1,78,"A",7.08158786740584,1.19740324730055
"77",77,77,"Control","Female",2,40,"A",7.42062064717498,1.60487575128648
"78",78,78,"Control","Male",3,27,"A",15.9082251123358,3.89970644620921
"79",79,79,"Control","Female",4,25,"A",17.6830029329141,5.13776555912046
"80",80,80,"Control","Male",5,71,"A",17.6870831860055,4.86770430812273
"81",81,81,"Control","Female",1,44,"A",4.74697291719002,0.7472017318171
"82",82,82,"Control","Male",2,46,"A",14.4000028727801,3.47992383171098
"83",83,83,"Control","Female",3,76,"A",5.01047050544259,1.5658534095212
"84",84,84,"Control","Male",4,12,"A",13.8871696700567,3.46994592075784
"85",85,85,"Control","Female",5,22,"A",21.2846762292456,5.72821423568633
"86",86,86,"Control","Male",1,3,"A",4.96454499563996,1.16993763667561
"87",87,87,"Control","Female",2,77,"A",6.2441990234941,1.51818011365349
"88",88,88,"Control","Male",3,6,"A",14.3596354280756,3.2951736064358
"89",89,89,"Control","Female",4,17,"A",13.5982585340622,3.30154174473362
"90",90,90,"Control","Male",5,76,"A",13.4370844032697,4.21167395080796
"91",91,91,"Control","Female",1,82,"A",8.48592103049681,1.23878651049768
"92",92,92,"Control","Male",2,67,"A",10.1789432462484,2.11764399524344
"93",93,93,"Control","Female",3,57,"A",14.614007439902,3.21768519202379
"94",94,94,"Control","Male",4,10,"A",15.2874632828373,4.64215679110832
"95",95,95,"Control","Female",5,32,"A",14.2522181033036,3.83324871662819
"96",96,96,"Control","Male",1,3,"A",5.39124279896344,1.15286690810235
"97",97,97,"Control","Female",2,16,"A",8.78304540364175,2.68925103076265
"98",98,98,"Control","Male",3,82,"A",4.24330986982857,0.84646613586938
"99",99,99,"Control","Female",4,17,"A",15.7434828780519,3.74818763490125
"100",100,100,"Control","Male",5,96,"A",13.7693163671981,3.6039982790177
"101",101,101,"Treatment","Female",1,69,"A",7.18399473654415,0.872054577166176
"102",102,102,"Treatment","Male",2,45,"A",8.02742590942003,2.37750163325638
"103",103,103,"Treatment","Female",3,70,"A",15.5187777115071,3.7613672565321
"104",104,104,"Treatment","Male",4,88,"A",16.8995764221106,4.25002187501069
"105",105,105,"Treatment","Female",5,42,"A",15.7987815997793,3.95186467967075
"106",106,106,"Treatment","Male",1,77,"A",4.82849046212672,1.24630191924852
"107",107,107,"Treatment","Female",2,7,"A",8.37306949164471,1.46675197608829
"108",108,108,"Treatment","Male",3,52,"A",7.46155504319022,1.23944292532768
"109",109,109,"Treatment","Female",4,84,"A",16.6937457343044,5.64591438561468
"110",110,110,"Treatment","Male",5,16,"A",8.74525730306289,2.49011421292556
"111",111,111,"Treatment","Female",1,74,"A",4.18483727669076,1.56727712690227
"112",112,112,"Treatment","Male",2,13,"A",9.25497345516909,1.68366036139425
"113",113,113,"Treatment","Female",3,19,"A",12.0683343931717,3.03897403699887
"114",114,114,"Treatment","Male",4,4,"A",14.8866863963645,3.40477629368592
"115",115,115,"Treatment","Female",5,2,"A",14.646968098953,4.35393906046598
"116",116,116,"Treatment","Male",1,61,"A",5.1974269527686,0.694663106744748
"117",117,117,"Treatment","Female",2,84,"A",7.54096964922238,2.23462150841333
"118",118,118,"Treatment","Male",3,83,"A",12.9240449850501,3.68876202414104
"119",119,119,"Treatment","Female",4,78,"A",16.9627710090571,5.05016913125442
"120",120,120,"Treatment","Male",5,98,"A",17.3510568994648,4.903859483055
"121",121,121,"Treatment","Female",1,30,"A",5.36634129636196,1.34508362920963
"122",122,122,"Treatment","Male",2,59,"A",5.85064170431278,1.95712818253061
"123",123,123,"Treatment","Female",3,48,"A",13.4760220070836,3.79013901738238
"124",124,124,"Treatment","Male",4,40,"A",10.03182228062,3.02304028606838
"125",125,125,"Treatment","Female",5,26,"A",24.9691605355098,6.77835153937242
"126",126,126,"Treatment","Male",1,51,"A",7.20776398801604,0.888888501745363
"127",127,127,"Treatment","Female",2,8,"A",6.27539037798621,1.15703510598971
"128",128,128,"Treatment","Male",3,75,"A",8.7121966464389,3.09653975021172
"129",129,129,"Treatment","Female",4,11,"A",17.6005797353585,4.75833934921435
"130",130,130,"Treatment","Male",5,4,"A",20.823744716587,5.61491711277107
"131",131,131,"Treatment","Female",1,88,"A",5.0023730774018,1.20149189816598
"132",132,132,"Treatment","Male",2,10,"A",8.207146307451,1.72127002410243
"133",133,133,"Treatment","Female",3,86,"A",13.0768131327893,2.98603539793217
"134",134,134,"Treatment","Male",4,58,"A",18.1043294873876,4.75620298964555
"135",135,135,"Treatment","Female",5,47,"A",16.5805845063741,5.19161110344979
"136",136,136,"Treatment","Male",1,36,"A",5.20110362542026,0.918823259443874
"137",137,137,"Treatment","Female",2,38,"A",12.0959094966425,2.76139472537317
"138",138,138,"Treatment","Male",3,79,"A",14.0105167497333,3.62049000771929
"139",139,139,"Treatment","Female",4,53,"A",15.423915857046,4.42160491044655
"140",140,140,"Treatment","Male",5,26,"A",14.2879130127573,3.56035782519153
"141",141,141,"Treatment","Female",1,52,"A",4.03913075199039,0.937207337323818
"142",142,142,"Treatment","Male",2,29,"A",7.2970424119577,2.17310018059961
"143",143,143,"Treatment","Female",3,96,"A",11.5562140706476,3.22159650727059
"144",144,144,"Treatment","Male",4,32,"A",13.4694072902898,3.5968450996472
"145",145,145,"Treatment","Female",5,25,"A",20.9186398763057,6.17702366477439
"146",146,146,"Treatment","Male",1,80,"A",5.63295869608783,1.19191905025166
"147",147,147,"Treatment","Female",2,39,"A",11.3938665161029,2.61845257872381
"148",148,148,"Treatment","Male",3,51,"A",2.35811233853526,1.17456669336902
"149",149,149,"Treatment","Female",4,18,"A",13.4891241650084,4.46847618572717
"150",150,150,"Treatment","Male",5,8,"A",15.8895690619372,5.19562502032969
"151",151,151,"Treatment","Female",1,46,"A",6.25528733057067,0.874026149458509
"152",152,152,"Treatment","Male",2,74,"A",9.86159609769864,2.48415999061943
"153",153,153,"Treatment","Female",3,4,"A",12.8922442406783,4.34114721572156
"154",154,154,"Treatment","Male",4,38,"A",16.3480948591109,5.15190249399102
"155",155,155,"Treatment","Female",5,10,"A",10.3341962265276,2.97920070380546
"156",156,156,"Treatment","Male",1,98,"A",2.46964710417498,0.692822049390406
"157",157,157,"Treatment","Female",2,18,"A",9.92444250316435,3.20446778544524
"158",158,158,"Treatment","Male",3,45,"A",9.0330951716729,2.8393855006595
"159",159,159,"Treatment","Female",4,50,"A",11.6125074141644,3.46460099045355
"160",160,160,"Treatment","Male",5,69,"A",12.9641226599507,3.64018059760999
"161",161,161,"Treatment","Female",1,63,"A",3.86190578849777,0.959828546306288
"162",162,162,"Treatment","Male",2,88,"A",5.73644898374106,1.42457172093694
"163",163,163,"Treatment","Female",3,39,"A",8.33534302951027,2.45927491828399
"164",164,164,"Treatment","Male",4,8,"A",16.9149116403578,4.87302078176067
"165",165,165,"Treatment","Female",5,44,"A",13.8293482356384,3.80452375466481
"166",166,166,"Treatment","Male",1,58,"A",5.94195374309751,1.03587047201539
"167",167,167,"Treatment","Female",2,44,"A",7.25990973966513,2.07623179946133
"168",168,168,"Treatment","Male",3,23,"A",13.6994163133135,3.48221259288363
"169",169,169,"Treatment","Female",4,6,"A",18.5034806048681,4.95960582788852
"170",170,170,"Treatment","Male",5,68,"A",14.9019997615237,4.41760265110494
"171",171,171,"Treatment","Female",1,2,"A",8.21930512548899,1.14034698763495
"172",172,172,"Treatment","Male",2,71,"A",7.40013885142908,2.02291150533156
"173",173,173,"Treatment","Female",3,83,"A",11.9327088045654,3.54811334807653
"174",174,174,"Treatment","Male",4,88,"A",16.7998644536543,4.0708411767948
"175",175,175,"Treatment","Female",5,51,"A",15.0097157415382,3.96967619159914
"176",176,176,"Treatment","Male",1,64,"A",6.87652890314267,1.14826876144497
"177",177,177,"Treatment","Female",2,75,"A",9.06722431834357,1.88594766193999
"178",178,178,"Treatment","Male",3,11,"A",13.5339543887081,4.0863930770066
"179",179,179,"Treatment","Female",4,6,"A",17.5485549627275,4.41978307423135
"180",180,180,"Treatment","Male",5,83,"A",14.1984739355222,3.63004851096195
"181",181,181,"Treatment","Female",1,28,"A",5.72100948785194,1.1870176153261
"182",182,182,"Treatment","Male",2,72,"A",9.89748620019139,2.34951140746769
"183",183,183,"Treatment","Female",3,73,"A",7.69726863432408,1.27349381772287
"184",184,184,"Treatment","Male",4,78,"A",11.118998390483,2.85188864499084
"185",185,185,"Treatment","Female",5,87,"A",20.8011412530702,6.24073231901591
"186",186,186,"Treatment","Male",1,74,"A",7.76618136209377,1.34582600462817
"187",187,187,"Treatment","Female",2,25,"A",8.61013046413094,2.30849342669319
"188",188,188,"Treatment","Male",3,7,"A",17.0970341932188,4.11370520454022
"189",189,189,"Treatment","Female",4,61,"A",14.9954824703943,4.50136338068095
"190",190,190,"Treatment","Male",5,52,"A",19.6322002231768,5.46892253346958
"191",191,191,"Treatment","Female",1,95,"A",8.24430939837813,1.32801340981127
"192",192,192,"Treatment","Male",2,47,"A",6.40544411576248,1.63433610529278
"193",193,193,"Treatment","Female",3,49,"A",12.0043395873092,2.9094869808798
"194",194,194,"Treatment","Male",4,11,"A",15.5340358686954,4.34252476040667
"195",195,195,"Treatment","Female",5,53,"A",20.9506485362412,6.1409821746263
"196",196,196,"Treatment","Male",1,42,"A",6.37711637100209,1.222722161271
"197",197,197,"Treatment","Female",2,83,"A",6.52734333575922,2.04651636804053
"198",198,198,"Treatment","Male",3,12,"A",10.4703699627419,1.69420546078922
"199",199,199,"Treatment","Female",4,17,"A",6.68179404057236,2.15832929136577
"200",200,200,"Treatment","Male",5,6,"A",5.94869687788115,1.61453289153841
"201",201,1,"Control","Female",1,78,"B",4.76167788626565,1.00301607548735
"202",202,2,"Control","Male",2,3,"B",9.07593577019648,2.04318749885028
"203",203,3,"Control","Female",3,55,"B",9.60968709273842,2.27201257893487
"204",204,4,"Control","Male",4,90,"B",11.2174970179908,3.21299889190709
"205",205,5,"Control","Female",5,47,"B",21.7188574120707,6.36163529665929
"206",206,6,"Control","Male",1,57,"B",5.51426586861814,0.598896202331404
"207",207,7,"Control","Female",2,100,"B",9.82823091059525,2.21050854576153
"208",208,8,"Control","Male",3,81,"B",9.11558643471269,2.06799981438079
"209",209,9,"Control","Female",4,38,"B",13.1383561291637,3.22699843979508
"210",210,10,"Control","Male",5,17,"B",14.8930105238045,3.65886679997312
"211",211,11,"Control","Female",1,75,"B",5.75086031123506,0.741657737159727
"212",212,12,"Control","Male",2,54,"B",6.50113882136209,1.41865206497886
"213",213,13,"Control","Female",3,82,"B",11.1895313516503,2.82994636649925
"214",214,14,"Control","Male",4,76,"B",13.3977570258512,4.15392848764062
"215",215,15,"Control","Female",5,61,"B",15.8080869558327,3.89270129808474
"216",216,16,"Control","Male",1,40,"B",3.55213633756133,0.802627183614075
"217",217,17,"Control","Female",2,70,"B",9.45128833312301,2.16000784493491
"218",218,18,"Control","Male",3,43,"B",11.7449661798523,2.99367338059724
"219",219,19,"Control","Female",4,45,"B",14.7329301320787,4.20811737644917
"220",220,20,"Control","Male",5,47,"B",16.7152030136618,4.54457288540415
"221",221,21,"Control","Female",1,38,"B",9.09402360235714,1.05887151212061
"222",222,22,"Control","Male",2,9,"B",11.8133397873693,2.48850300029108
"223",223,23,"Control","Female",3,27,"B",11.4979328457039,2.76857388169593
"224",224,24,"Control","Male",4,30,"B",14.8669405806616,4.55825852710101
"225",225,25,"Control","Female",5,41,"B",16.1220549166976,4.78814859472472
"226",226,26,"Control","Male",1,29,"B",2.19622382055623,0.152092354895574
"227",227,27,"Control","Female",2,14,"B",9.15980073921854,2.35888544681062
"228",228,28,"Control","Male",3,43,"B",15.7528068934807,3.93921529449682
"229",229,29,"Control","Female",4,50,"B",9.06281805119709,2.53478627177097
"230",230,30,"Control","Male",5,35,"B",19.8542260351903,5.4291504770333
"231",231,31,"Control","Female",1,50,"B",7.01596783921451,1.33475445130713
"232",232,32,"Control","Male",2,9,"B",7.4810114391491,1.46778091028527
"233",233,33,"Control","Female",3,63,"B",13.1951383143897,3.43786785103736
"234",234,34,"Control","Male",4,66,"B",15.0173781967212,4.36063395689763
"235",235,35,"Control","Female",5,20,"B",10.9543567742235,3.19495664732252
"236",236,36,"Control","Male",1,78,"B",6.26273879475544,1.10668053798895
"237",237,37,"Control","Female",2,86,"B",5.70433419761158,0.938944779918197
"238",238,38,"Control","Male",3,91,"B",13.6846140919558,3.67296833600384
"239",239,39,"Control","Female",4,88,"B",17.0297339403375,4.86623886496935
"240",240,40,"Control","Male",5,31,"B",14.4119736597251,4.30486671556961
"241",241,41,"Control","Female",1,93,"B",4.07883254813303,0.886932488440233
"242",242,42,"Control","Male",2,26,"B",8.31100004909031,1.73645627611734
"243",243,43,"Control","Female",3,39,"B",13.2218768816045,3.3060884814391
"244",244,44,"Control","Male",4,20,"B",13.5552231546879,3.15976673001912
"245",245,45,"Control","Female",5,26,"B",16.056809690368,3.40398919279042
"246",246,46,"Control","Male",1,9,"B",6.11595345712954,0.948700378950593
"247",247,47,"Control","Female",2,13,"B",9.14794313908765,2.04089328996821
"248",248,48,"Control","Male",3,67,"B",13.0957452301846,2.61890515065644
"249",249,49,"Control","Female",4,52,"B",15.4982004447792,4.55016333382459
"250",250,50,"Control","Male",5,25,"B",20.6070947700137,6.73112260917446
"251",251,51,"Control","Female",1,35,"B",4.78174030155542,1.15528317206291
"252",252,52,"Control","Male",2,32,"B",8.03586543987934,1.40635149415676
"253",253,53,"Control","Female",3,89,"B",18.3993420510071,4.44219506912605
"254",254,54,"Control","Male",4,27,"B",18.3777829856859,5.07777994975852
"255",255,55,"Control","Female",5,90,"B",16.3963905948911,5.06627032462092
"256",256,56,"Control","Male",1,53,"B",2.59915608112884,0.432768066287129
"257",257,57,"Control","Female",2,37,"B",9.81267974343613,2.4767076665445
"258",258,58,"Control","Male",3,74,"B",10.9125147595863,2.91732528753566
"259",259,59,"Control","Female",4,98,"B",12.9113153766702,3.78802710613328
"260",260,60,"Control","Male",5,89,"B",18.4448512867038,4.22845995595718
"261",261,61,"Control","Female",1,92,"B",7.34643641122539,1.37624367219864
"262",262,62,"Control","Male",2,87,"B",7.82169542741498,2.15337998947772
"263",263,63,"Control","Female",3,28,"B",8.71413233766581,2.49407836618813
"264",264,64,"Control","Male",4,26,"B",13.0451846661673,3.80443286687846
"265",265,65,"Control","Female",5,12,"B",17.058334864853,4.96242235405707
"266",266,66,"Control","Male",1,48,"B",6.23064014221445,0.970927077688358
"267",267,67,"Control","Female",2,94,"B",7.077114438007,1.48263275741546
"268",268,68,"Control","Male",3,98,"B",14.3568966272537,3.18468451080081
"269",269,69,"Control","Female",4,45,"B",12.3478478237261,3.88895744587517
"270",270,70,"Control","Male",5,80,"B",15.1051080526645,4.46488270130231
"271",271,71,"Control","Female",1,58,"B",6.11903666985134,0.877682344974404
"272",272,72,"Control","Male",2,17,"B",8.63538168546735,2.52339869053422
"273",273,73,"Control","Female",3,28,"B",14.4304600586945,2.7360336552688
"274",274,74,"Control","Male",4,78,"B",16.1554402054943,4.11920731433954
"275",275,75,"Control","Female",5,5,"B",18.1475481340434,4.92646372645392
"276",276,76,"Control","Male",1,77,"B",5.4995280527573,0.801497435229073
"277",277,77,"Control","Female",2,66,"B",8.01407930460137,1.69684290874462
"278",278,78,"Control","Male",3,93,"B",13.2623117365587,3.0359796333077
"279",279,79,"Control","Female",4,49,"B",9.61657770282216,3.10028396584119
"280",280,80,"Control","Male",5,16,"B",14.4183170488028,2.7779769479086
"281",281,81,"Control","Female",1,93,"B",3.98593606968673,0.846432006175028
"282",282,82,"Control","Male",2,73,"B",4.80284184131098,1.44658406771012
"283",283,83,"Control","Female",3,31,"B",15.2679858689519,3.63002509593978
"284",284,84,"Control","Male",4,67,"B",9.9349183045118,2.25846376733584
"285",285,85,"Control","Female",5,52,"B",11.9148596858983,3.44196441998751
"286",286,86,"Control","Male",1,70,"B",5.49141765259659,0.398594245161057
"287",287,87,"Control","Female",2,22,"B",6.11075182256238,1.95911896434498
"288",288,88,"Control","Male",3,25,"B",10.4574604119337,1.97839434342014
"289",289,89,"Control","Female",4,9,"B",15.9728525290566,4.300273377971
"290",290,90,"Control","Male",5,26,"B",13.8568495981738,3.94255886859383
"291",291,91,"Control","Female",1,58,"B",3.33172351073418,0.972026323454767
"292",292,92,"Control","Male",2,16,"B",6.52485891304522,2.32170431467735
"293",293,93,"Control","Female",3,61,"B",16.0705264136531,4.55888394281356
"294",294,94,"Control","Male",4,69,"B",20.1964623187214,5.39226909071985
"295",295,95,"Control","Female",5,57,"B",14.0868558749206,4.45562841410926
"296",296,96,"Control","Male",1,27,"B",4.42840962683409,0.925916825748523
"297",297,97,"Control","Female",2,91,"B",11.0934593076567,2.21914194322922
"298",298,98,"Control","Male",3,46,"B",12.6200006768339,3.12061709219539
"299",299,99,"Control","Female",4,83,"B",16.6626799405695,4.87068267260703
"300",300,100,"Control","Male",5,26,"B",13.0336005627407,3.49538493778717
"301",301,101,"Treatment","Female",1,24,"B",8.21211076116198,1.48232644464221
"302",302,102,"Treatment","Male",2,85,"B",7.85670401437032,1.905889565278
"303",303,103,"Treatment","Female",3,60,"B",8.64457463060611,2.02458770465063
"304",304,104,"Treatment","Male",4,7,"B",10.802883648697,2.6882403919105
"305",305,105,"Treatment","Female",5,83,"B",16.2734387924729,4.33639287628985
"306",306,106,"Treatment","Male",1,92,"B",8.20868301403674,1.06985145500841
"307",307,107,"Treatment","Female",2,59,"B",7.65055732953138,1.87064084299858
"308",308,108,"Treatment","Male",3,100,"B",12.4601672993707,3.13529790810026
"309",309,109,"Treatment","Female",4,49,"B",11.9743261695323,3.27828095414491
"310",310,110,"Treatment","Male",5,52,"B",13.9394609030972,3.63161645406037
"311",311,111,"Treatment","Female",1,74,"B",6.08353242950124,1.22440539098516
"312",312,112,"Treatment","Male",2,58,"B",12.1850034167879,2.93708644502432
"313",313,113,"Treatment","Female",3,57,"B",11.0808752320079,2.7143640328036
"314",314,114,"Treatment","Male",4,93,"B",18.9377878996196,5.29612411130218
"315",315,115,"Treatment","Female",5,49,"B",17.325140916117,4.09044488693682
"316",316,116,"Treatment","Male",1,29,"B",7.98943207712432,0.903078068895802
"317",317,117,"Treatment","Female",2,98,"B",4.79781746207996,1.20097743445259
"318",318,118,"Treatment","Male",3,88,"B",15.0470842433937,4.42912681298593
"319",319,119,"Treatment","Female",4,2,"B",17.29880054902,4.51118274772096
"320",320,120,"Treatment","Male",5,74,"B",19.2504093039567,5.2983608761302
"321",321,121,"Treatment","Female",1,23,"B",8.84713534233456,1.05697317214236
"322",322,122,"Treatment","Male",2,46,"B",8.66998734996807,2.11499129498944
"323",323,123,"Treatment","Female",3,78,"B",17.6487983811225,4.45115184534984
"324",324,124,"Treatment","Male",4,43,"B",13.3168520492871,3.13172424596483
"325",325,125,"Treatment","Female",5,74,"B",12.5154711999433,3.87950144199579
"326",326,126,"Treatment","Male",1,28,"B",7.27046797772993,1.14303635841184
"327",327,127,"Treatment","Female",2,7,"B",9.72138141712266,2.10656512344934
"328",328,128,"Treatment","Male",3,18,"B",8.21039480987042,2.36119081253742
"329",329,129,"Treatment","Female",4,43,"B",14.3394660340223,4.35229291843604
"330",330,130,"Treatment","Male",5,62,"B",17.5636241382027,5.40907784125198
"331",331,131,"Treatment","Female",1,8,"B",5.84425615835938,0.838137995043893
"332",332,132,"Treatment","Male",2,60,"B",6.78435427339152,1.65086018931172
"333",333,133,"Treatment","Female",3,55,"B",9.36158398978113,2.12078528586274
"334",334,134,"Treatment","Male",4,100,"B",16.7860211709891,3.6680506496159
"335",335,135,"Treatment","Female",5,70,"B",21.8452490546774,6.69265043731548
"336",336,136,"Treatment","Male",1,81,"B",4.58161573538483,1.05846362568364
"337",337,137,"Treatment","Female",2,36,"B",9.08770762883693,2.30019992047599
"338",338,138,"Treatment","Male",3,45,"B",11.6294435163426,2.36863785317889
"339",339,139,"Treatment","Female",4,99,"B",12.8056918354695,3.5173444474677
"340",340,140,"Treatment","Male",5,96,"B",17.4684526256963,4.56888740234308
"341",341,141,"Treatment","Female",1,64,"B",4.47589172670785,1.18236413972395
"342",342,142,"Treatment","Male",2,90,"B",7.0003517209619,1.89441592839367
"343",343,143,"Treatment","Female",3,49,"B",10.5375875859704,2.88220664590817
"344",344,144,"Treatment","Male",4,20,"B",15.8105463131459,4.22693958929673
"345",345,145,"Treatment","Female",5,73,"B",23.7850909430758,7.61070004407846
"346",346,146,"Treatment","Male",1,5,"B",3.81109978378167,1.06881466070006
"347",347,147,"Treatment","Female",2,15,"B",9.40228536231356,2.8233148969297
"348",348,148,"Treatment","Male",3,83,"B",10.8151741110592,3.29364896635802
"349",349,149,"Treatment","Female",4,62,"B",10.7043022935022,3.15104531029828
"350",350,150,"Treatment","Male",5,86,"B",15.5406119666142,4.22261000951827
"351",351,151,"Treatment","Female",1,78,"B",4.51929156497096,1.09076203280363
"352",352,152,"Treatment","Male",2,71,"B",5.90293453244675,1.99517615637278
"353",353,153,"Treatment","Female",3,66,"B",9.76728343944299,3.08961728430642
"354",354,154,"Treatment","Male",4,72,"B",21.7335277508638,6.40214234957786
"355",355,155,"Treatment","Female",5,51,"B",18.3538055831967,5.64804719651872
"356",356,156,"Treatment","Male",1,79,"B",4.68718377225874,0.428478835373954
"357",357,157,"Treatment","Female",2,9,"B",6.27971656138151,1.16730477918015
"358",358,158,"Treatment","Male",3,71,"B",11.6326867278146,2.86024812365074
"359",359,159,"Treatment","Female",4,94,"B",20.7557656358234,4.91399950699303
"360",360,160,"Treatment","Male",5,84,"B",17.6425589138188,4.53672072607407
"361",361,161,"Treatment","Female",1,78,"B",5.51153953886274,0.821789998478477
"362",362,162,"Treatment","Male",2,63,"B",8.65974596480145,1.78415749368436
"363",363,163,"Treatment","Female",3,54,"B",11.8000077004615,3.42038094114707
"364",364,164,"Treatment","Male",4,11,"B",15.2653799484251,4.60472065998729
"365",365,165,"Treatment","Female",5,85,"B",15.0041217994984,3.55786820390592
"366",366,166,"Treatment","Male",1,53,"B",4.12434044722991,0.919115268886586
"367",367,167,"Treatment","Female",2,72,"B",9.84317002224829,2.55887193861819
"368",368,168,"Treatment","Male",3,67,"B",7.45740610109245,2.23630558593684
"369",369,169,"Treatment","Female",4,87,"B",15.844449580373,4.66914020155914
"370",370,170,"Treatment","Male",5,60,"B",20.7962510855281,5.93198427850086
"371",371,171,"Treatment","Female",1,36,"B",3.19342125443649,0.639865232683188
"372",372,172,"Treatment","Male",2,24,"B",10.2966470938141,2.24578764309967
"373",373,173,"Treatment","Female",3,24,"B",8.78573356753631,2.53794928819473
"374",374,174,"Treatment","Male",4,96,"B",17.6852078723017,4.91629507404453
"375",375,175,"Treatment","Female",5,5,"B",16.083834885297,4.29596600983085
"376",376,176,"Treatment","Male",1,75,"B",3.69296843780211,0.514048108871919
"377",377,177,"Treatment","Female",2,47,"B",9.53447818866883,2.16439108676461
"378",378,178,"Treatment","Male",3,86,"B",9.46621636772072,2.20841434527273
"379",379,179,"Treatment","Female",4,84,"B",13.8150409383078,4.30729143426633
"380",380,180,"Treatment","Male",5,29,"B",15.7093740734693,3.90715438691018
"381",381,181,"Treatment","Female",1,58,"B",6.68397860157273,1.087703476354
"382",382,182,"Treatment","Male",2,100,"B",11.9580955992504,2.44267089721891
"383",383,183,"Treatment","Female",3,93,"B",11.9007016659135,2.38933464954958
"384",384,184,"Treatment","Male",4,13,"B",20.5596295068528,5.57152178801133
"385",385,185,"Treatment","Female",5,90,"B",25.6271984203736,7.99085134139971
"386",386,186,"Treatment","Male",1,47,"B",3.75209445537415,0.734510419194536
"387",387,187,"Treatment","Female",2,3,"B",10.2675135099333,1.56030622240481
"388",388,188,"Treatment","Male",3,79,"B",14.4070538596735,2.90511630009858
"389",389,189,"Treatment","Female",4,25,"B",24.4025345183886,6.33282306204516
"390",390,190,"Treatment","Male",5,33,"B",18.5861888306749,5.41252799545775
"391",391,191,"Treatment","Female",1,84,"B",5.2625072647408,1.00330649719087
"392",392,192,"Treatment","Male",2,78,"B",7.56068987467673,1.91812279916516
"393",393,193,"Treatment","Female",3,18,"B",8.16385451920361,1.70147984936442
"394",394,194,"Treatment","Male",4,84,"B",14.6341237895035,3.80768984605728
"395",395,195,"Treatment","Female",5,52,"B",18.8431716725474,5.79285171263124
"396",396,196,"Treatment","Male",1,35,"B",3.71315849574128,1.08095665809641
"397",397,197,"Treatment","Female",2,90,"B",8.22050262546854,1.69461747334719
"398",398,198,"Treatment","Male",3,85,"B",13.6344303034861,2.90269624376682
"399",399,199,"Treatment","Female",4,75,"B",18.5561832618705,5.10777820402926
"400",400,200,"Treatment","Male",5,85,"B",13.4604155000169,3.81481552201115
"401",401,1,"Control","Female",1,10,"C",6.22338786935994,1.20746673790299
"402",402,2,"Control","Male",2,43,"C",3.45067193321684,0.831395484090373
"403",403,3,"Control","Female",3,45,"C",14.2073199565031,3.68147235726122
"404",404,4,"Control","Male",4,89,"C",15.2447945421296,4.1228083264923
"405",405,5,"Control","Female",5,97,"C",13.9544712344501,4.1275715015925
"406",406,6,"Control","Male",1,20,"C",7.55580502107207,1.31578442971466
"407",407,7,"Control","Female",2,25,"C",12.4297787357666,2.27916082244056
"408",408,8,"Control","Male",3,76,"C",6.98013523479052,2.19798004442545
"409",409,9,"Control","Female",4,20,"C",9.40644823063267,2.13167890667625
"410",410,10,"Control","Male",5,6,"C",12.9407996587467,3.39550553567426
"411",411,11,"Control","Female",1,86,"C",3.75097682092874,0.646910249768046
"412",412,12,"Control","Male",2,38,"C",8.31381889299414,1.33375755837318
"413",413,13,"Control","Female",3,70,"C",10.3687540013308,3.08558901500348
"414",414,14,"Control","Male",4,63,"C",9.64173033898112,1.98182385787671
"415",415,15,"Control","Female",5,43,"C",18.8597297904461,5.38500070617052
"416",416,16,"Control","Male",1,56,"C",6.95164163108429,0.956333105118146
"417",417,17,"Control","Female",2,48,"C",7.52079857359197,1.93256439806966
"418",418,18,"Control","Male",3,13,"C",9.52965808893587,2.84247554328041
"419",419,19,"Control","Female",4,69,"C",9.03680713783988,2.51590207347567
"420",420,20,"Control","Male",5,12,"C",15.0110949504175,4.16685898738137
"421",421,21,"Control","Female",1,69,"C",2.14914723958801,0.719070360013912
"422",422,22,"Control","Male",2,4,"C",7.73648097639057,1.87175425579284
"423",423,23,"Control","Female",3,51,"C",5.87205946080357,1.73723643771246
"424",424,24,"Control","Male",4,45,"C",19.9925272795924,5.21592062495081
"425",425,25,"Control","Female",5,80,"C",18.9186507022646,5.11852459791546
"426",426,26,"Control","Male",1,95,"C",3.29045428514102,1.23387821172505
"427",427,27,"Control","Female",2,88,"C",10.9752496253081,2.83865792032475
"428",428,28,"Control","Male",3,2,"C",13.9050717235788,4.38017404232427
"429",429,29,"Control","Female",4,53,"C",14.8550947074798,3.79902320676359
"430",430,30,"Control","Male",5,17,"C",19.688770356856,5.39473993405746
"431",431,31,"Control","Female",1,38,"C",2.19856634478698,0.821951743113385
"432",432,32,"Control","Male",2,19,"C",6.77538108924685,1.34491358611303
"433",433,33,"Control","Female",3,8,"C",16.4802370296348,3.89412632905582
"434",434,34,"Control","Male",4,40,"C",13.9698368957724,4.45811643787687
"435",435,35,"Control","Female",5,89,"C",15.6631873287167,4.71142447787841
"436",436,36,"Control","Male",1,50,"C",0.813899545299245,0.57528728486392
"437",437,37,"Control","Female",2,51,"C",8.13779883149974,1.98117771226495
"438",438,38,"Control","Male",3,100,"C",12.4183532022623,2.70613049729681
"439",439,39,"Control","Female",4,6,"C",17.0918995253344,4.30126362772525
"440",440,40,"Control","Male",5,60,"C",15.1321121476722,3.97112831564546
"441",441,41,"Control","Female",1,41,"C",4.1401756893536,0.833217014364595
"442",442,42,"Control","Male",2,60,"C",6.9984868689343,1.9219909575813
"443",443,43,"Control","Female",3,98,"C",7.47859423742359,1.86837697465989
"444",444,44,"Control","Male",4,45,"C",15.1039080089836,3.79575970653786
"445",445,45,"Control","Female",5,98,"C",23.9451039829734,6.75065386489169
"446",446,46,"Control","Male",1,37,"C",6.95319393861432,0.940871308888298
"447",447,47,"Control","Female",2,27,"C",8.10367689578285,2.27481927646265
"448",448,48,"Control","Male",3,40,"C",10.0959609006042,2.02788009574061
"449",449,49,"Control","Female",4,3,"C",14.832529323746,4.66381954872022
"450",450,50,"Control","Male",5,41,"C",9.83501921018758,3.69567082567521
"451",451,51,"Control","Female",1,55,"C",5.0644908318195,0.826986025395277
"452",452,52,"Control","Male",2,51,"C",9.32091197403907,2.28492687296548
"453",453,53,"Control","Female",3,55,"C",6.81647483259006,1.91465235846988
"454",454,54,"Control","Male",4,7,"C",10.1799793709602,2.49983408785707
"455",455,55,"Control","Female",5,53,"C",22.3083615586702,7.06676772424068
"456",456,56,"Control","Male",1,37,"C",2.88392899055404,0.637410274736505
"457",457,57,"Control","Female",2,1,"C",6.28275324862545,1.22326120173014
"458",458,58,"Control","Male",3,96,"C",12.6972446789753,3.58992236240663
"459",459,59,"Control","Female",4,77,"C",10.7536527216397,2.77124489399284
"460",460,60,"Control","Male",5,76,"C",11.6435834608098,2.85676331039314
"461",461,61,"Control","Female",1,2,"C",2.38614039519719,0.669375465738703
"462",462,62,"Control","Male",2,36,"C",8.83426231828337,2.28001594793305
"463",463,63,"Control","Female",3,40,"C",15.0353263570612,3.71113166661491
"464",464,64,"Control","Male",4,75,"C",16.3721152678894,5.14571947913501
"465",465,65,"Control","Female",5,67,"C",23.1039681130732,5.6981094750926
"466",466,66,"Control","Male",1,26,"C",3.06013016873431,0.742575104688836
"467",467,67,"Control","Female",2,83,"C",13.4455926235584,3.30996289677463
"468",468,68,"Control","Male",3,7,"C",15.3707049028451,3.51354201600566
"469",469,69,"Control","Female",4,14,"C",12.502212298804,3.06669533865002
"470",470,70,"Control","Male",5,46,"C",16.6210829428518,4.70948921296341
"471",471,71,"Control","Female",1,54,"C",4.98979969775792,0.746204365201601
"472",472,72,"Control","Male",2,9,"C",12.4506707205882,2.80095230021094
"473",473,73,"Control","Female",3,9,"C",11.5764795223179,2.40584645275966
"474",474,74,"Control","Male",4,73,"C",18.1195211010482,5.0570513503534
"475",475,75,"Control","Female",5,31,"C",16.9009619543464,5.02539333746564
"476",476,76,"Control","Male",1,18,"C",6.44237718313962,1.10483959195046
"477",477,77,"Control","Female",2,91,"C",10.4885625800293,2.03108174903346
"478",478,78,"Control","Male",3,73,"C",14.4079242618167,3.98728574535231
"479",479,79,"Control","Female",4,99,"C",11.8193049523195,2.72527765183183
"480",480,80,"Control","Male",5,85,"C",15.5893134133402,4.56186202044391
"481",481,81,"Control","Female",1,33,"C",7.5920375007633,1.31842433695552
"482",482,82,"Control","Male",2,68,"C",11.4373963726908,3.23080437427279
"483",483,83,"Control","Female",3,97,"C",13.5636526715847,4.26251069831092
"484",484,84,"Control","Male",4,45,"C",16.0785964063071,4.1092675913562
"485",485,85,"Control","Female",5,76,"C",22.2560033770189,6.94799102519349
"486",486,86,"Control","Male",1,82,"C",6.47028790746901,1.53078529483805
"487",487,87,"Control","Female",2,15,"C",4.95403322349993,1.62190909515265
"488",488,88,"Control","Male",3,100,"C",14.3668082425919,3.52289237379405
"489",489,89,"Control","Female",4,71,"C",9.81585047475947,2.94537861004189
"490",490,90,"Control","Male",5,100,"C",17.9045503637259,5.0886991356592
"491",491,91,"Control","Female",1,95,"C",1.22500289802948,0.928221919534505
"492",492,92,"Control","Male",2,47,"C",10.6065459160807,2.6613333229507
"493",493,93,"Control","Female",3,12,"C",7.2022403069285,2.10184307981122
"494",494,94,"Control","Male",4,31,"C",16.8653361428654,4.6276045825085
"495",495,95,"Control","Female",5,54,"C",15.0737968221514,4.43274522812036
"496",496,96,"Control","Male",1,60,"C",3.28385530646483,1.08505299223368
"497",497,97,"Control","Female",2,57,"C",6.58307446152126,1.89926683337124
"498",498,98,"Control","Male",3,2,"C",13.0542263045053,2.63335048227574
"499",499,99,"Control","Female",4,67,"C",14.3937680592908,4.44244856058231
"500",500,100,"Control","Male",5,25,"C",13.3917791676553,3.5921071739922
"501",501,101,"Treatment","Female",1,56,"C",5.82834985040613,0.811020731443416
"502",502,102,"Treatment","Male",2,76,"C",8.46273742157195,1.42031835546751
"503",503,103,"Treatment","Female",3,49,"C",14.2205573886533,3.38626828023693
"504",504,104,"Treatment","Male",4,56,"C",14.5185149910682,4.11763112527173
"505",505,105,"Treatment","Female",5,16,"C",14.8128982098534,4.92164821868674
"506",506,106,"Treatment","Male",1,21,"C",7.56364804799262,1.38808241279999
"507",507,107,"Treatment","Female",2,19,"C",10.4668793127021,2.24172795625841
"508",508,108,"Treatment","Male",3,27,"C",8.67840196315262,2.79836389867071
"509",509,109,"Treatment","Female",4,88,"C",14.7285472436286,3.88804903475352
"510",510,110,"Treatment","Male",5,28,"C",16.0354637298604,4.1847018639214
"511",511,111,"Treatment","Female",1,8,"C",6.55324240513016,0.873482733673048
"512",512,112,"Treatment","Male",2,23,"C",11.8743637729733,2.46716660592282
"513",513,113,"Treatment","Female",3,94,"C",12.4175750913608,3.29371559571393
"514",514,114,"Treatment","Male",4,83,"C",11.2126861710973,3.13194500453285
"515",515,115,"Treatment","Female",5,48,"C",16.5657542290042,4.68849079177985
"516",516,116,"Treatment","Male",1,67,"C",6.65421794101185,0.814638256752849
"517",517,117,"Treatment","Female",2,29,"C",9.43617579070973,1.80486182780448
"518",518,118,"Treatment","Male",3,16,"C",13.0534014513671,3.51104718587318
"519",519,119,"Treatment","Female",4,78,"C",17.0210167793076,4.3877698962087
"520",520,120,"Treatment","Male",5,45,"C",20.0663991912182,5.55144144346753
"521",521,121,"Treatment","Female",1,33,"C",7.76289704719781,0.958944429554616
"522",522,122,"Treatment","Male",2,17,"C",6.65629919565882,1.33493669332367
"523",523,123,"Treatment","Female",3,77,"C",9.58707644998402,2.5946064986357
"524",524,124,"Treatment","Male",4,10,"C",13.7903628280489,3.89975041004781
"525",525,125,"Treatment","Female",5,79,"C",20.6090172127837,5.68673363257283
"526",526,126,"Treatment","Male",1,71,"C",4.19326142586511,0.935944911967826
"527",527,127,"Treatment","Female",2,53,"C",7.40026465407128,1.98594027205912
"528",528,128,"Treatment","Male",3,10,"C",10.6937181232931,3.16260174388761
"529",529,129,"Treatment","Female",4,34,"C",17.5991643703744,4.91626300410525
"530",530,130,"Treatment","Male",5,98,"C",22.4059995958239,6.43584259018719
"531",531,131,"Treatment","Female",1,3,"C",5.55076885966344,1.31941734313395
"532",532,132,"Treatment","Male",2,39,"C",6.52171224536201,2.54119813518457
"533",533,133,"Treatment","Female",3,100,"C",13.8296519107841,3.89938326425957
"534",534,134,"Treatment","Male",4,26,"C",14.9426700754133,3.00280976643922
"535",535,135,"Treatment","Female",5,93,"C",16.6627456263978,4.60161863798516
"536",536,136,"Treatment","Male",1,6,"C",8.00102552665294,1.24354751712368
"537",537,137,"Treatment","Female",2,55,"C",8.93233066325238,2.08527119236407
"538",538,138,"Treatment","Male",3,28,"C",10.7147215455108,2.9816805744805
"539",539,139,"Treatment","Female",4,39,"C",15.8292258765173,4.38517731153797
"540",540,140,"Treatment","Male",5,66,"C",13.9493271823127,3.52943120105253
"541",541,141,"Treatment","Female",1,50,"C",7.40749099111092,1.0035180052349
"542",542,142,"Treatment","Male",2,75,"C",10.5912836280312,2.61884325516938
"543",543,143,"Treatment","Female",3,87,"C",8.87238870475099,2.50768241030012
"544",544,144,"Treatment","Male",4,86,"C",12.0017571810795,3.19991798482057
"545",545,145,"Treatment","Female",5,70,"C",15.3972515854619,4.03132409802289
"546",546,146,"Treatment","Male",1,91,"C",7.69492882159271,1.17398059998851
"547",547,147,"Treatment","Female",2,26,"C",9.22416138340938,2.44426104567356
"548",548,148,"Treatment","Male",3,4,"C",9.71041567128147,3.72359584471446
"549",549,149,"Treatment","Female",4,75,"C",12.5783616633686,2.77209389159782
"550",550,150,"Treatment","Male",5,26,"C",13.9986436436012,4.03005334742586
"551",551,151,"Treatment","Female",1,1,"C",9.55599716367823,0.947711074833067
"552",552,152,"Treatment","Male",2,68,"C",10.9030034238773,2.486389314551
"553",553,153,"Treatment","Female",3,4,"C",13.1499778474842,3.25214044696597
"554",554,154,"Treatment","Male",4,84,"C",12.9860260933607,3.1952889854368
"555",555,155,"Treatment","Female",5,93,"C",24.7137237568932,7.27645233169891
"556",556,156,"Treatment","Male",1,55,"C",5.73136149194481,1.06598678758983
"557",557,157,"Treatment","Female",2,18,"C",5.31975632285879,1.2810350851822
"558",558,158,"Treatment","Male",3,70,"C",13.5953002492056,2.26533678705927
"559",559,159,"Treatment","Female",4,29,"C",13.5548301182891,3.53932768165943
"560",560,160,"Treatment","Male",5,22,"C",17.3087329314841,5.65571463433067
"561",561,161,"Treatment","Female",1,55,"C",6.19348470128749,1.07495327184385
"562",562,162,"Treatment","Male",2,97,"C",6.23452769574862,1.76483111771758
"563",563,163,"Treatment","Female",3,17,"C",12.2549340532867,3.23656808070223
"564",564,164,"Treatment","Male",4,80,"C",17.333705267827,4.37990234370201
"565",565,165,"Treatment","Female",5,90,"C",25.0003871444722,6.48989355487932
"566",566,166,"Treatment","Male",1,73,"C",6.39005533614025,0.970747585506912
"567",567,167,"Treatment","Female",2,68,"C",10.8897633040765,1.98765311549968
"568",568,168,"Treatment","Male",3,1,"C",8.68058532633509,2.37721383724947
"569",569,169,"Treatment","Female",4,16,"C",9.18313842561701,2.81789091693537
"570",570,170,"Treatment","Male",5,17,"C",23.1159262953133,5.60827610811151
"571",571,171,"Treatment","Female",1,33,"C",8.15451608202779,1.36690119341749
"572",572,172,"Treatment","Male",2,88,"C",4.90171433995489,1.64928671228114
"573",573,173,"Treatment","Female",3,97,"C",10.5901923248296,2.84909943302694
"574",574,174,"Treatment","Male",4,8,"C",19.9158150781842,5.28628641117479
"575",575,175,"Treatment","Female",5,82,"C",8.50509405734019,2.372017727437
"576",576,176,"Treatment","Male",1,47,"C",5.55527261572654,1.22155259479419
"577",577,177,"Treatment","Female",2,70,"C",7.24062924931781,2.19082084302764
"578",578,178,"Treatment","Male",3,79,"C",14.004848882273,3.44612874456585
"579",579,179,"Treatment","Female",4,26,"C",17.3165385863875,5.37165795183816
"580",580,180,"Treatment","Male",5,31,"C",21.7481778640432,6.04505785108533
"581",581,181,"Treatment","Female",1,25,"C",5.26371200834093,1.01400803325381
"582",582,182,"Treatment","Male",2,27,"C",7.25597759763793,1.94295658934706
"583",583,183,"Treatment","Female",3,44,"C",17.1962339680743,4.55439905069968
"584",584,184,"Treatment","Male",4,43,"C",11.8677793163586,2.3560123668547
"585",585,185,"Treatment","Female",5,12,"C",18.7203715161008,4.90773690705661
"586",586,186,"Treatment","Male",1,18,"C",4.7163810423503,0.624970014970305
"587",587,187,"Treatment","Female",2,32,"C",8.33390917993112,1.69730455681695
"588",588,188,"Treatment","Male",3,58,"C",11.4688783604001,3.18036948668122
"589",589,189,"Treatment","Female",4,48,"C",11.4970005917447,3.56377399023121
"590",590,190,"Treatment","Male",5,64,"C",25.5390524376796,6.06358621874863
"591",591,191,"Treatment","Female",1,33,"C",5.05776021336342,1.01662023917681
"592",592,192,"Treatment","Male",2,30,"C",6.78906040562652,1.31312672405692
"593",593,193,"Treatment","Female",3,89,"C",15.4845402973879,4.22861606843259
"594",594,194,"Treatment","Male",4,60,"C",20.0574712544258,5.38750660414204
"595",595,195,"Treatment","Female",5,91,"C",19.4416307065764,4.9089439358958
"596",596,196,"Treatment","Male",1,40,"C",7.05317158298673,1.19722208445674
"597",597,197,"Treatment","Female",2,92,"C",10.181889620861,2.5124038382325
"598",598,198,"Treatment","Male",3,81,"C",13.1153780391571,4.14227979562232
"599",599,199,"Treatment","Female",4,25,"C",15.7176853556291,4.43207331826063
"600",600,200,"Treatment","Male",5,37,"C",21.3261249646165,6.47835476584524
