mouse_id,strain,treatment,IL1,IL2,IL3,IL4,IL5,IL6,IL7,IL8,IL9,IL10,IL11,IL12,IL13,IL14,IL15,TNF1,TNF2,TNF3,TNF4,TNF5,TNF6,TNF7,TNF8,CXCL1,CXCL2,CXCL3,CXCL4,CXCL5,CXCL6,CXCL7,CXCL8,CXCL9,CXCL10,CCL1,CCL2,CCL3,CCL4,CCL5,CCL6,CCL7,CCL8,CCL9,CCL10,TLR1,TLR2,TLR3,TLR4,TLR5,TLR6,TLR7,TLR8,STAT1,STAT2,STAT3,STAT4,STAT5,STAT6,NFkB1,NFkB2,NFkB3,NFkB4,NFkB5,JAK1,JAK2,JAK3,JAK4,MAPK1,MAPK2,MAPK3,MAPK4,MAPK5,MAPK6,CD1,CD2,CD3,CD4,CD5,CD6,CD7,CD8,CD9,CD10,CASP1,CASP2,CASP3,CASP4,CASP5,MMP1,MMP2,MMP3,MMP4,MMP5,SOD1,SOD2,SOD3,HIF1,HIF2,VEGF1,VEGF2,VEGF3
Mouse_001,BALB_c,Placebo,20.85,20.6,24.71,19.45,14.98,11.44,12.86,29.81,20.39,13.29,12.24,19.43,12.55,23.89,7.62,11.9,27.3,17.27,15.57,19.59,12.25,21.98,15.53,11.6,9.86,21.86,10.65,18.2,9.67,14.23,22.56,19.38,6.75,19.53,14.73,21.63,10.21,10.91,23.28,10.91,14.92,11.03,8.26,18.46,7.86,14.35,14.0,23.83,13.91,8.32,17.73,19.4,19.15,16.14,8.87,16.57,13.28,16.34,21.64,17.72,15.77,8.98,18.52,12.53,13.99,21.04,8.35,17.23,16.28,12.87,19.56,10.41,11.25,7.02,22.52,12.07,21.56,13.28,15.62,21.12,19.85,16.24,14.77,15.57,15.12,11.88,11.68,15.02,23.0,18.78,20.83,15.42,22.71,20.07,24.49,19.71,14.51,26.61,16.31,9.08
Mouse_002,BALB_c,Placebo,21.6,20.72,25.44,19.17,12.83,10.86,13.63,27.35,20.0,13.48,10.17,19.7,10.93,23.87,8.38,11.51,23.81,17.76,16.71,17.76,11.79,23.52,16.23,13.36,8.78,19.62,10.07,14.32,9.12,12.0,21.29,18.52,4.92,18.12,12.74,21.28,11.59,13.22,23.49,11.59,14.22,12.32,8.44,19.82,11.37,14.28,16.35,27.89,15.84,9.24,20.88,21.35,18.99,17.46,10.54,17.96,14.29,16.65,21.34,17.75,17.72,8.85,17.0,12.57,15.14,19.48,9.13,18.81,18.96,11.74,19.82,8.98,13.76,10.58,23.45,14.09,23.98,16.8,17.46,22.87,20.23,20.24,18.32,16.43,15.22,11.34,11.17,15.16,21.47,19.02,19.74,15.3,23.83,18.47,24.05,18.66,15.93,26.73,13.89,9.68
Mouse_003,BALB_c,Placebo,20.4,18.2,22.79,16.06,10.41,9.83,9.04,27.16,17.3,11.44,8.42,16.9,12.28,23.31,8.81,13.81,25.12,18.32,19.47,20.13,9.85,21.4,18.25,15.09,10.06,21.13,9.76,14.82,9.47,14.58,21.99,18.72,6.23,18.86,14.76,22.65,9.02,11.09,22.54,9.2,14.48,9.99,7.23,16.47,8.29,13.23,13.12,23.96,17.56,10.32,19.48,20.68,17.51,18.16,8.62,19.49,13.46,16.61,20.42,19.4,20.85,10.33,18.78,15.76,16.73,22.27,10.35,20.0,19.65,15.48,20.63,13.56,12.91,9.47,24.96,14.22,22.66,15.5,18.24,22.71,22.42,20.26,18.8,18.18,13.9,9.85,9.59,12.13,18.95,17.11,17.16,11.58,20.51,19.42,21.27,16.49,17.28,26.86,14.38,11.2
Mouse_004,BALB_c,Placebo,21.66,23.46,27.87,21.78,15.39,13.73,14.48,30.65,21.22,15.83,11.88,21.4,12.24,22.02,6.22,13.69,25.8,16.99,17.58,19.87,9.91,19.8,15.93,12.59,8.09,19.82,10.3,15.35,8.56,12.64,19.18,17.85,7.09,17.34,13.95,20.4,9.22,9.49,21.94,10.23,13.78,9.61,8.53,17.59,8.8,14.62,14.89,25.46,16.33,8.87,19.59,22.0,20.29,17.48,8.6,18.81,14.26,17.08,23.59,19.46,19.82,11.35,17.82,12.96,15.51,22.01,9.54,19.09,19.62,14.51,20.78,11.92,11.61,9.86,25.84,15.48,23.77,13.29,17.58,23.29,20.01,19.36,17.84,18.32,15.34,10.55,10.53,14.13,21.96,19.79,19.17,14.87,22.5,18.36,21.75,19.0,15.05,26.6,15.22,10.1
Mouse_005,BALB_c,Placebo,22.56,20.01,26.95,19.48,13.19,13.44,12.48,28.11,19.28,14.43,12.1,21.19,12.75,23.55,7.37,13.61,23.95,15.63,17.67,18.87,12.26,23.27,18.85,13.18,8.58,19.55,10.89,15.59,10.28,11.75,20.29,18.67,5.72,18.07,13.53,21.33,11.75,12.77,23.1,10.7,15.41,11.55,8.7,17.98,9.9,14.65,17.92,26.86,14.87,9.64,18.83,19.08,18.28,15.77,9.51,15.72,13.14,16.2,20.62,18.06,19.54,11.13,15.74,13.52,14.71,20.46,9.06,18.9,16.26,15.53,19.56,10.36,10.37,6.53,21.84,11.54,21.46,13.25,14.76,20.17,18.54,17.08,15.26,14.66,17.01,11.68,12.06,15.75,23.0,19.95,20.79,14.79,22.59,21.24,24.02,18.81,14.66,27.58,15.0,11.42
Mouse_006,BALB_c,Placebo,21.58,21.5,25.5,18.91,12.77,12.33,12.13,28.15,20.37,14.42,11.62,21.15,14.1,22.13,5.65,12.67,26.18,18.2,17.3,18.06,10.43,21.89,16.83,12.73,10.38,20.42,11.52,15.5,8.04,12.85,21.2,19.65,6.44,20.34,14.77,21.68,10.34,9.87,22.63,11.15,13.44,9.81,8.54,16.76,8.24,13.59,16.91,26.16,15.26,10.28,19.49,21.46,19.61,17.65,9.58,19.22,14.84,16.65,22.89,19.02,20.34,9.51,19.15,13.23,15.02,20.52,8.85,19.74,17.85,14.86,20.69,10.72,12.74,8.47,24.8,14.17,22.72,16.35,16.16,22.92,21.21,18.38,17.03,17.89,14.15,9.01,11.47,13.37,21.1,18.61,18.41,14.71,20.34,17.3,22.25,17.34,15.19,25.67,15.05,11.18
Mouse_007,BALB_c,Placebo,23.05,23.08,26.39,22.0,15.23,12.03,14.92,30.36,19.15,14.27,11.77,22.48,11.74,22.11,6.1,13.44,24.88,17.95,17.15,19.82,10.13,22.69,16.68,12.2,10.03,20.7,10.51,13.55,9.43,12.14,21.82,17.27,6.79,18.74,14.17,21.76,11.84,12.11,23.42,13.4,14.9,11.97,8.07,16.91,9.04,16.1,16.0,25.46,14.75,10.02,20.01,18.94,17.37,16.25,9.91,17.21,14.87,16.29,21.46,18.93,17.66,9.47,16.29,12.74,15.27,19.94,9.87,16.4,17.81,13.85,19.08,12.09,13.77,8.26,25.21,14.38,23.74,15.14,16.5,23.23,20.48,19.93,18.71,17.08,16.54,10.92,10.66,15.04,20.58,18.67,20.01,14.96,23.55,21.25,24.04,18.82,14.76,27.33,14.44,11.13
Mouse_008,BALB_c,Placebo,19.4,19.6,24.97,17.17,12.47,9.44,11.01,28.2,19.11,11.65,9.62,18.61,9.98,19.42,3.64,9.9,21.22,14.14,12.38,15.66,7.88,18.03,12.42,9.21,9.05,19.96,10.3,15.4,10.72,13.85,18.29,17.48,5.45,18.11,14.42,20.83,12.63,13.22,25.15,13.12,16.99,13.5,11.06,21.12,11.25,18.12,18.32,28.53,14.68,8.05,18.39,18.98,16.32,15.89,8.4,17.94,13.28,15.8,21.43,17.61,17.08,9.43,16.09,12.51,15.73,20.15,7.87,17.34,18.76,13.51,20.11,10.78,14.71,10.18,24.56,15.05,24.72,15.89,16.93,23.37,20.59,20.99,18.56,17.82,17.92,13.55,12.84,15.21,21.77,21.86,22.23,17.06,25.32,20.21,23.3,20.09,16.05,25.72,16.03,10.83
Mouse_009,BALB_c,Placebo,22.34,22.74,27.82,21.28,15.04,12.66,15.37,30.82,20.67,15.93,12.76,23.12,11.51,20.46,4.68,10.87,20.26,13.41,15.26,17.37,7.85,19.05,14.49,8.99,10.1,23.49,10.89,16.64,10.36,14.47,21.57,21.07,8.23,19.57,14.91,22.76,10.3,11.99,22.88,11.38,15.42,12.33,8.89,19.32,9.13,16.24,15.32,26.48,15.57,9.1,19.89,20.66,18.43,16.76,8.2,17.81,15.6,16.14,22.19,19.8,17.41,10.17,17.31,13.16,14.23,23.84,9.91,20.13,18.61,14.07,21.3,12.1,13.93,11.82,27.04,14.67,24.6,16.19,16.56,22.91,22.18,20.62,17.64,17.37,14.95,9.25,9.18,12.19,21.15,17.25,18.25,12.84,21.55,18.98,22.17,18.14,14.34,26.85,14.24,10.51
Mouse_010,BALB_c,Placebo,19.99,20.23,24.36,19.84,14.97,10.55,11.54,28.32,19.26,14.59,11.97,20.86,13.44,21.88,7.18,12.84,23.57,15.7,17.13,18.99,10.01,21.26,17.02,11.92,10.42,21.1,11.43,18.25,10.67,13.28,23.61,19.98,7.58,19.84,14.98,22.79,11.2,10.45,21.98,11.25,15.54,10.6,9.3,19.04,9.1,15.52,14.49,25.1,18.55,10.7,20.73,22.38,19.07,18.56,11.02,19.73,14.08,16.75,21.96,19.31,18.69,12.68,19.01,15.07,18.0,23.3,11.78,21.87,22.11,17.19,24.06,14.23,14.84,10.77,25.97,14.18,24.03,17.52,20.07,24.13,23.28,20.33,19.82,19.28,14.56,10.93,11.2,14.24,20.49,19.0,20.18,14.99,22.38,21.04,21.87,18.44,13.82,25.21,14.86,11.21
Mouse_011,BALB_c,Placebo,20.59,18.65,24.48,18.58,12.36,10.02,11.08,28.38,19.33,11.82,9.08,20.33,11.75,22.56,8.35,14.66,23.66,17.1,17.79,20.33,11.0,22.26,18.25,14.01,7.89,19.74,8.14,14.66,9.65,10.62,19.18,18.48,6.77,18.43,10.61,19.74,9.35,12.77,23.68,10.75,14.47,10.56,7.81,16.68,8.4,15.46,16.2,25.95,18.02,10.98,20.53,23.41,19.92,18.37,10.47,19.63,16.71,18.4,23.41,20.86,21.11,10.95,19.09,15.57,17.28,22.54,9.14,20.01,18.22,15.66,19.3,12.46,10.74,8.51,24.0,13.41,23.14,14.45,15.96,21.74,18.55,17.72,17.13,17.23,16.56,11.11,13.14,15.04,23.74,18.78,20.93,16.39,24.17,20.23,24.58,20.96,14.75,28.43,14.95,11.45
Mouse_012,BALB_c,Placebo,20.04,16.98,23.8,18.72,11.32,9.19,11.3,27.21,19.52,12.33,9.97,18.18,13.24,21.48,6.23,12.31,21.91,17.38,15.96,19.22,10.82,22.26,17.13,12.88,9.51,21.01,9.42,13.59,9.79,11.78,21.73,18.45,6.31,18.58,13.44,21.62,10.43,9.15,21.1,9.05,14.02,10.32,8.05,17.96,8.17,15.35,14.61,24.38,15.14,6.45,16.76,18.99,16.79,15.82,6.1,16.53,12.62,14.5,19.88,16.63,21.13,10.69,20.24,17.42,17.85,21.26,10.68,21.57,19.47,16.62,23.58,12.68,11.92,8.19,23.84,12.44,22.46,14.12,16.38,22.99,20.63,17.63,16.49,16.13,13.46,9.24,8.79,12.2,20.28,18.73,17.07,13.61,20.41,18.53,20.99,18.23,14.79,28.22,16.78,11.51
Mouse_013,BALB_c,Placebo,20.65,19.71,25.47,20.45,12.44,9.66,12.0,27.3,18.62,12.9,10.28,18.35,13.21,19.18,6.49,11.34,22.79,13.35,15.89,19.47,8.3,21.28,15.56,12.94,10.83,22.6,11.67,18.11,12.46,13.61,22.35,21.64,9.88,19.57,14.29,21.7,11.32,11.39,22.25,10.98,14.97,11.83,8.8,18.43,8.54,15.84,15.33,24.76,15.04,8.32,19.12,19.55,17.03,14.5,8.92,16.79,12.93,14.22,20.54,18.36,19.14,11.62,17.34,15.16,16.38,21.3,9.89,18.78,18.49,13.98,21.25,12.46,12.12,9.44,25.74,12.62,24.94,15.18,17.5,25.12,20.98,19.34,18.74,18.53,13.64,8.93,9.78,12.69,20.47,16.39,18.51,12.85,20.35,18.66,20.27,18.15,15.39,25.64,15.06,11.34
Mouse_014,BALB_c,Placebo,21.17,20.7,24.2,18.83,12.98,10.46,11.42,28.29,19.51,13.35,10.27,18.86,15.17,26.03,9.53,16.95,25.52,20.19,18.22,23.17,13.39,23.6,17.85,14.83,8.46,19.81,10.95,14.85,9.13,12.51,20.47,17.98,6.6,18.0,12.45,20.64,6.84,8.14,19.74,9.13,12.81,6.07,7.54,15.3,8.27,13.24,12.61,22.2,16.37,8.82,17.98,19.57,19.15,17.06,9.4,17.89,13.1,16.01,23.22,18.96,19.87,12.14,18.54,14.68,17.02,23.47,10.87,19.13,18.65,15.45,23.72,13.12,12.74,7.53,24.52,12.95,23.49,13.51,15.45,21.97,20.01,18.83,16.12,16.92,16.52,13.89,11.69,14.9,23.6,20.2,20.32,16.92,25.02,21.23,24.64,20.36,16.15,27.01,15.15,10.55
Mouse_015,BALB_c,Placebo,20.73,20.83,26.38,20.57,13.79,11.29,12.85,29.93,20.1,14.47,12.23,19.58,10.98,22.42,5.51,13.33,22.62,15.07,15.72,18.17,10.19,20.23,14.13,11.64,9.79,21.33,10.85,17.21,9.85,13.2,21.52,20.58,8.03,19.28,16.04,20.89,8.04,9.38,21.1,9.42,13.8,10.05,7.24,17.21,8.76,14.41,13.09,23.92,15.2,7.48,21.25,19.85,17.2,16.67,9.81,18.94,14.3,15.98,22.06,20.0,18.45,9.54,17.47,13.76,15.62,20.76,8.21,18.45,18.7,14.35,19.83,11.54,14.75,11.07,26.55,16.87,25.98,16.97,19.52,23.8,21.03,22.56,20.05,20.04,13.78,10.51,10.76,13.05,21.1,18.34,18.41,13.56,21.72,18.53,21.01,19.25,17.39,26.57,14.55,11.42
Mouse_016,BALB_c,Placebo,20.68,20.92,25.47,18.42,13.27,10.02,12.65,27.93,19.14,12.52,10.7,18.83,13.98,24.94,10.27,15.28,27.62,19.6,19.22,21.75,12.67,25.24,19.13,13.94,10.25,21.36,10.59,15.43,10.43,14.0,20.64,19.41,7.1,20.38,14.57,22.45,9.81,10.71,22.73,11.81,14.13,9.93,8.63,19.62,9.6,14.44,16.4,25.93,13.38,6.99,19.88,18.8,18.28,16.5,9.6,18.63,13.47,16.42,21.06,19.0,20.29,11.63,18.83,14.77,17.98,22.5,11.61,21.09,19.6,16.04,20.97,14.01,9.56,7.55,23.94,13.31,20.06,14.65,16.23,21.15,19.45,19.08,15.37,16.04,13.4,9.95,11.42,12.49,20.12,18.77,19.31,15.05,22.64,18.85,22.67,16.87,15.19,24.98,14.86,11.19
Mouse_017,BALB_c,Placebo,22.71,20.7,24.59,20.02,13.03,13.03,13.96,30.17,19.79,13.22,12.3,19.9,11.7,20.81,6.48,12.33,23.65,16.57,15.35,19.2,10.15,20.37,16.08,10.96,10.35,21.66,11.14,16.62,9.85,13.48,22.9,19.7,7.28,19.82,15.89,21.36,7.58,8.1,20.62,10.71,13.86,9.16,6.78,14.99,7.12,13.77,12.21,24.06,13.46,8.46,17.31,17.41,17.59,16.78,8.68,15.92,13.11,14.15,19.39,18.01,19.27,11.7,19.98,15.73,15.61,22.25,9.85,21.11,17.81,15.84,22.61,12.63,13.3,8.52,25.41,15.11,23.42,14.91,17.89,22.17,21.86,20.49,17.6,18.5,13.73,10.32,11.04,13.73,20.34,17.27,19.98,14.64,21.72,19.16,22.69,18.3,15.46,27.1,14.57,11.06
Mouse_018,BALB_c,Placebo,20.4,19.07,23.65,17.81,11.96,9.91,10.64,27.23,18.01,10.76,10.63,19.09,10.69,20.61,5.35,10.72,22.23,14.78,15.79,17.46,8.88,20.63,13.3,11.43,9.67,20.1,8.89,16.11,8.92,12.86,18.53,17.98,6.69,18.17,13.12,20.92,9.1,11.16,21.69,10.22,14.48,10.02,6.38,18.63,7.8,14.12,12.99,24.64,15.91,8.36,19.66,17.83,16.82,16.2,7.74,18.6,12.37,15.11,18.77,19.19,19.29,11.46,18.12,15.03,16.46,21.36,11.13,21.13,17.96,12.79,20.73,12.37,12.29,11.71,23.95,15.09,22.59,15.23,18.15,22.92,20.42,19.52,18.91,16.99,15.55,11.29,12.45,14.01,22.58,19.49,19.52,15.93,22.55,20.88,23.2,19.11,15.15,27.02,15.24,10.24
Mouse_019,BALB_c,Placebo,21.15,21.56,24.08,18.48,12.4,10.66,11.5,28.48,18.87,15.7,11.42,20.53,15.13,25.98,10.29,15.47,26.11,20.11,18.9,21.99,13.27,24.36,19.16,16.51,9.5,23.01,11.83,18.16,13.67,14.8,23.57,21.56,8.16,21.78,15.27,22.16,8.95,11.36,21.7,11.74,13.93,10.76,9.32,19.17,8.3,16.48,16.5,24.98,14.45,7.41,17.06,17.86,18.22,15.01,7.88,16.27,10.78,13.67,18.3,15.98,19.11,8.89,18.1,15.13,16.46,21.26,9.98,18.54,19.26,14.22,21.38,13.98,13.11,11.87,26.28,14.87,22.4,15.29,16.46,23.54,22.0,19.15,17.26,18.07,13.03,9.32,10.53,12.08,20.22,19.51,17.5,13.54,20.19,18.71,20.59,16.07,16.59,27.04,15.16,11.44
Mouse_020,BALB_c,Placebo,21.17,21.43,25.18,18.48,12.89,11.57,13.14,27.88,18.66,14.74,10.51,21.07,13.28,22.67,7.16,14.77,23.45,16.11,17.94,19.03,11.31,21.23,17.53,13.0,7.77,20.55,10.12,15.95,9.53,13.7,21.24,18.83,5.39,17.81,14.09,21.21,7.5,9.58,19.76,9.07,11.29,7.02,5.3,15.7,6.54,12.88,12.35,22.31,16.57,10.83,19.87,21.43,20.03,17.41,9.96,18.18,16.35,16.98,22.16,19.43,19.6,10.05,17.3,15.85,14.99,21.12,9.69,18.39,19.36,13.96,20.67,12.24,13.42,9.45,24.69,14.43,22.96,15.71,17.13,21.01,21.37,19.82,17.92,17.74,15.53,10.51,11.2,12.93,20.92,18.17,19.68,13.49,22.19,18.32,23.6,18.51,15.11,24.68,16.51,10.24
Mouse_021,BALB_c,Drug,10.07,13.09,16.5,12.74,21.86,25.24,26.01,17.4,16.06,23.95,21.63,12.82,20.88,23.9,20.1,21.53,11.35,14.77,19.82,20.14,17.39,8.19,15.35,22.83,21.84,23.52,13.94,11.96,23.26,24.05,12.31,18.12,19.2,15.95,24.46,11.9,25.05,22.64,8.54,21.22,26.15,20.41,20.09,5.48,21.56,15.17,21.77,18.46,22.56,17.74,10.04,19.87,8.59,15.95,19.35,17.59,25.48,17.36,13.54,16.59,18.73,23.87,12.44,12.51,24.31,7.26,18.09,18.0,6.84,16.37,11.53,18.04,20.56,22.09,13.15,26.96,8.56,14.32,13.84,12.56,9.61,18.97,17.59,17.6,13.83,17.6,18.77,23.33,17.51,9.45,12.7,22.21,18.5,6.82,10.51,19.03,24.67,10.67,21.25,20.29
Mouse_022,BALB_c,Drug,9.39,11.09,15.5,9.98,19.64,22.51,22.07,14.97,16.21,23.91,21.17,10.79,20.98,21.69,19.34,18.8,9.8,13.64,16.34,17.12,17.37,5.9,12.82,22.16,21.1,20.84,16.98,12.04,24.26,24.55,13.22,17.71,19.71,16.31,24.14,13.41,23.28,22.93,7.26,20.57,23.57,19.5,19.71,5.03,20.21,14.52,18.74,16.76,22.27,18.41,8.97,18.1,7.49,15.47,17.08,18.75,25.69,15.29,11.76,16.62,19.53,24.84,15.45,14.2,25.14,5.93,19.62,19.7,7.32,17.24,13.44,19.48,22.88,25.24,15.19,28.29,12.56,17.16,19.48,16.29,12.81,21.62,21.13,18.98,15.09,21.12,22.47,25.09,19.84,11.46,17.23,26.88,23.59,11.5,15.16,22.75,23.19,9.79,23.4,21.67
Mouse_023,BALB_c,Drug,11.76,13.75,17.17,11.12,22.51,24.2,26.31,18.56,17.69,25.39,22.73,14.28,22.22,23.14,23.26,22.4,12.84,17.54,20.23,20.29,21.16,8.39,16.36,23.99,20.34,22.16,15.76,13.57,24.12,25.21,12.49,18.28,20.2,16.46,24.3,13.44,23.48,21.35,6.86,20.42,23.53,19.94,19.68,3.07,20.79,13.78,18.31,19.29,22.02,21.09,9.0,19.23,10.54,16.24,20.49,19.79,26.23,18.76,12.88,17.01,21.78,26.62,14.25,16.26,25.74,8.62,19.92,20.06,12.09,18.71,15.4,21.3,19.83,21.02,11.58,24.7,8.08,14.47,14.57,12.06,9.44,17.98,18.12,16.53,14.28,20.29,18.64,23.05,19.16,9.84,15.2,24.08,20.51,8.11,12.1,21.9,22.69,9.09,23.12,19.05
Mouse_024,BALB_c,Drug,9.76,13.36,13.6,9.11,19.7,22.45,23.07,15.94,13.02,24.0,19.59,12.29,18.57,22.56,22.06,20.96,10.64,15.64,19.37,20.89,19.74,8.5,13.58,24.11,22.41,24.09,16.65,14.25,24.58,25.92,14.27,18.15,22.03,17.53,24.34,13.98,23.48,22.8,7.76,19.05,25.14,19.95,17.44,2.08,19.94,15.74,19.02,17.52,21.85,20.06,10.43,20.46,10.19,18.25,18.93,21.27,25.94,17.4,13.82,18.18,18.9,24.92,13.03,13.23,24.28,8.4,18.75,18.93,9.01,16.92,13.6,19.35,22.09,26.13,13.86,30.29,11.35,16.79,18.93,15.75,11.53,20.02,20.49,18.3,16.1,20.06,19.23,24.85,21.38,12.64,18.11,25.48,22.3,9.08,13.56,21.35,24.09,8.04,23.69,20.81
Mouse_025,BALB_c,Drug,9.32,13.15,16.97,11.07,23.69,22.54,24.94,18.02,17.46,24.02,21.57,15.46,20.61,24.53,23.48,21.2,11.16,14.93,20.32,19.41,19.59,9.47,14.49,23.83,20.37,20.84,16.0,13.75,23.14,22.55,12.37,16.0,19.12,14.14,24.13,14.34,25.15,23.03,9.18,23.56,27.81,23.29,22.03,5.77,21.99,16.71,22.75,21.07,18.65,16.98,6.54,17.82,6.93,13.52,16.09,17.04,22.73,16.15,8.72,16.25,21.55,25.15,14.13,14.46,24.73,8.3,18.48,21.54,9.47,17.21,13.76,20.11,23.36,24.2,13.39,28.4,9.96,13.98,16.42,13.58,11.95,19.97,20.06,18.11,16.74,18.78,18.97,25.52,20.46,11.14,14.79,27.04,22.85,8.74,12.92,21.99,24.7,9.46,24.1,19.55
Mouse_026,BALB_c,Drug,9.46,11.49,13.65,9.86,20.46,21.51,21.25,16.79,14.5,22.94,21.1,13.02,18.54,20.78,19.44,17.73,7.74,14.22,17.04,17.0,17.62,6.22,10.98,19.65,21.78,21.26,14.96,13.69,23.64,25.06,11.74,17.16,22.03,15.99,23.58,14.35,23.49,23.39,6.68,20.97,25.34,19.42,20.74,3.18,21.45,14.74,20.2,19.17,25.19,22.51,10.63,22.4,12.74,17.87,20.94,22.4,29.34,20.09,16.11,18.28,20.94,25.7,15.76,16.52,28.0,10.81,22.24,20.89,11.31,21.58,15.54,23.28,22.48,24.44,12.78,27.29,10.76,16.34,17.07,15.61,11.58,20.96,19.86,20.13,15.84,18.64,19.86,25.31,19.99,10.27,15.18,22.99,22.48,10.44,11.48,21.47,23.98,9.35,22.64,19.59
Mouse_027,BALB_c,Drug,7.87,11.24,13.54,8.42,19.11,20.96,23.13,14.73,11.74,20.63,18.69,10.25,20.89,24.41,23.59,21.98,11.74,16.38,20.52,20.42,18.2,8.33,15.16,24.19,20.13,21.11,13.63,12.04,23.41,22.99,11.68,16.6,19.12,14.29,23.16,12.06,24.74,21.54,6.8,18.2,25.88,20.13,17.05,3.44,19.76,14.41,18.41,18.24,24.68,23.81,10.79,21.44,9.49,18.33,21.22,23.77,27.92,19.0,14.75,19.19,18.31,23.23,13.51,14.05,23.99,7.68,19.85,17.56,8.64,14.8,12.42,18.59,21.0,25.22,12.14,27.89,10.35,15.55,19.21,14.18,11.34,20.2,19.05,19.3,15.45,21.28,17.27,24.18,19.82,10.82,17.01,24.34,22.35,9.23,12.89,21.46,24.44,8.5,24.45,19.5
Mouse_028,BALB_c,Drug,12.53,15.9,18.37,12.44,23.02,25.47,24.99,17.98,18.34,25.81,23.85,16.03,19.91,21.89,20.26,19.45,11.77,14.79,19.55,19.6,17.51,7.49,13.98,22.8,19.92,19.5,11.52,11.54,22.24,21.0,9.26,16.12,18.73,12.71,23.02,10.7,21.59,20.55,4.27,18.8,23.22,18.11,17.08,2.69,18.44,13.71,17.73,17.59,21.09,18.97,9.12,19.52,8.95,15.55,19.43,18.35,25.04,15.79,11.63,18.47,18.94,23.98,13.71,15.73,25.45,7.44,19.43,19.25,6.96,17.37,13.46,19.69,20.89,23.99,14.12,27.42,8.21,15.34,16.78,14.02,9.82,20.34,18.71,18.97,14.66,18.27,17.09,23.47,18.87,9.16,15.28,24.52,22.62,8.16,11.95,21.03,24.1,9.23,22.14,20.66
Mouse_029,BALB_c,Drug,11.7,14.1,16.69,10.75,21.53,24.53,23.05,17.57,16.49,23.98,23.28,13.26,18.11,19.09,19.71,18.25,6.93,13.49,18.28,17.36,16.0,5.44,11.97,21.53,21.64,22.87,15.17,15.54,24.55,24.39,13.11,17.81,21.76,15.28,24.87,13.39,25.68,24.25,9.55,22.26,26.91,21.91,19.76,4.85,23.74,15.82,21.69,18.86,20.34,20.74,9.43,17.94,9.97,16.9,20.64,19.77,27.21,17.02,14.05,19.45,18.24,23.91,12.74,14.46,23.94,8.37,18.72,18.98,8.68,17.42,12.87,20.27,22.38,24.96,11.29,27.1,8.65,14.63,17.99,14.9,12.33,19.03,19.03,18.51,18.8,21.78,22.82,26.94,23.35,13.9,18.56,27.25,26.23,12.59,14.33,25.26,23.45,9.11,24.0,20.0
Mouse_030,BALB_c,Drug,11.32,12.69,16.36,11.86,21.36,23.43,23.17,18.04,16.54,24.74,23.75,15.13,20.52,23.79,21.84,19.59,9.98,17.08,20.2,21.28,16.64,7.17,14.03,24.6,22.03,21.35,14.86,12.52,22.63,21.6,11.09,15.83,18.62,14.37,24.29,13.2,23.34,24.25,8.09,20.88,25.75,22.87,18.95,4.38,21.77,13.15,20.88,19.18,21.83,20.61,10.17,19.83,10.5,18.04,20.95,20.6,25.12,17.07,13.4,17.97,17.64,24.3,10.75,13.02,21.78,6.41,18.48,18.72,8.17,15.84,13.08,17.74,19.05,22.7,12.0,23.29,8.88,12.37,15.55,11.38,8.37,17.46,17.33,15.92,15.1,21.76,21.19,26.36,22.7,11.63,17.05,25.95,22.47,12.17,12.99,23.13,23.74,10.08,23.71,20.06
Mouse_031,BALB_c,Drug,8.43,12.29,14.55,9.08,21.02,22.06,21.55,15.83,13.88,20.12,20.1,11.77,18.09,23.14,21.16,20.18,9.41,14.34,19.91,19.46,17.76,7.09,12.4,22.34,21.54,20.85,13.4,11.83,19.38,20.26,9.11,15.11,17.57,11.67,22.46,11.98,25.72,22.89,9.54,20.77,25.35,21.45,21.22,6.11,21.32,16.63,22.39,19.36,22.5,20.06,9.38,21.08,9.29,17.55,21.42,21.6,27.65,18.86,12.51,18.51,20.49,23.37,14.16,14.53,24.48,9.75,18.64,21.26,9.34,18.2,14.23,18.7,19.95,22.76,11.72,27.49,8.9,15.07,14.94,15.4,10.42,18.51,19.02,18.81,15.74,18.42,19.98,25.91,19.15,9.35,15.76,24.72,22.46,8.14,11.95,20.04,23.2,10.12,22.93,20.05
Mouse_032,BALB_c,Drug,6.81,10.92,11.25,9.4,19.84,21.37,23.09,14.72,13.55,21.12,19.93,10.52,18.07,21.13,21.58,18.59,8.39,14.56,18.2,19.02,17.88,6.19,15.21,22.65,19.28,18.81,14.14,10.97,21.53,20.88,10.85,15.53,17.87,13.15,21.57,10.21,25.32,24.07,8.24,23.05,26.27,21.96,21.75,5.78,22.95,18.22,22.76,19.26,22.91,20.39,10.05,19.98,10.76,17.79,21.28,21.32,26.52,18.39,13.17,18.28,17.92,22.34,10.86,11.88,21.67,6.81,17.67,17.15,6.28,16.07,10.59,17.68,20.33,22.04,13.21,25.98,8.16,13.54,16.53,14.67,9.84,18.65,20.54,18.84,14.63,17.85,20.09,26.51,18.42,8.32,15.14,24.19,20.76,7.38,12.31,20.09,24.27,10.0,22.52,20.07
Mouse_033,BALB_c,Drug,9.68,12.49,15.57,11.33,22.55,23.5,24.63,16.85,15.96,21.83,20.2,13.94,19.07,22.38,21.0,20.44,10.0,14.48,18.49,18.86,18.22,7.1,15.08,21.26,21.35,21.74,14.59,12.82,23.22,23.89,11.3,16.98,19.69,14.08,23.59,12.84,24.17,23.8,8.7,22.8,26.28,21.89,18.82,5.58,21.66,16.7,20.47,17.83,18.6,15.76,5.28,15.87,5.14,13.55,15.16,16.9,24.03,13.74,8.06,15.61,20.95,24.01,14.61,15.6,24.14,8.57,18.28,19.23,7.95,17.02,13.27,20.22,20.34,21.5,12.95,25.03,7.1,12.12,16.19,13.24,9.73,17.95,18.44,17.47,17.05,21.61,20.35,25.31,19.42,11.82,16.83,24.4,21.74,9.04,12.95,21.87,24.59,9.17,23.98,19.37
Mouse_034,BALB_c,Drug,9.33,12.62,16.07,10.83,21.79,23.0,22.27,16.45,16.96,23.36,22.46,14.25,20.89,22.99,23.16,21.7,10.98,16.3,19.2,20.23,18.83,9.26,16.05,22.39,20.12,20.26,14.28,11.21,22.35,22.58,12.36,16.04,21.08,14.33,22.29,11.03,25.95,25.02,8.95,22.09,27.7,23.26,22.43,6.47,24.0,18.21,22.69,21.14,23.07,20.99,8.41,21.44,10.57,17.81,19.12,21.14,26.03,18.86,13.17,17.38,21.58,26.92,16.4,17.4,26.12,9.98,21.88,22.09,10.56,22.59,16.64,23.58,22.7,24.58,14.34,28.07,8.3,16.15,18.35,16.29,10.93,20.58,20.81,20.09,14.71,19.58,17.68,22.47,17.2,8.67,14.33,22.59,22.6,8.18,12.63,22.3,23.63,9.89,24.01,19.98
Mouse_035,BALB_c,Drug,11.33,14.56,15.18,9.86,22.73,22.11,24.62,16.74,16.98,22.31,21.29,11.64,20.46,23.0,21.89,19.96,10.3,13.71,18.44,18.82,16.96,6.28,13.79,21.17,18.59,19.54,12.09,10.63,22.76,22.08,9.53,14.37,18.0,13.18,21.41,10.3,25.1,24.94,8.52,22.92,26.48,19.69,21.7,4.76,22.63,16.95,20.99,18.71,20.55,19.88,6.83,17.98,7.77,14.28,18.77,17.78,24.02,15.61,11.68,16.81,19.21,23.13,14.24,13.03,24.16,7.95,18.12,17.92,6.96,17.8,12.45,20.78,19.79,23.65,11.46,25.16,8.6,15.39,16.55,14.87,9.31,19.1,19.29,17.64,14.64,18.89,19.14,22.67,19.39,10.29,14.62,23.17,21.35,7.31,11.4,21.73,24.07,8.85,25.16,20.55
Mouse_036,BALB_c,Drug,11.62,14.62,16.79,9.29,23.92,25.28,25.85,19.25,17.16,25.23,22.3,14.08,18.05,22.1,21.62,20.39,9.62,14.55,21.18,19.06,16.21,6.44,13.63,23.25,20.4,22.14,14.61,13.95,24.4,22.78,11.65,18.47,21.25,13.75,22.84,13.91,23.45,21.12,6.97,18.31,25.68,17.33,18.41,4.13,18.72,13.85,18.91,16.12,22.75,20.94,9.73,18.39,8.67,15.32,19.3,21.34,26.96,18.58,13.17,19.33,19.65,26.02,14.85,15.97,26.75,8.45,21.32,19.15,10.42,18.11,14.49,23.31,23.37,25.7,12.84,26.65,9.18,15.9,18.51,13.41,11.39,19.21,18.65,18.2,19.4,22.95,21.77,27.2,21.76,12.72,18.24,27.75,24.06,11.72,15.29,23.51,25.1,11.16,24.58,20.18
Mouse_037,BALB_c,Drug,8.88,10.78,14.36,9.76,19.49,23.72,21.78,17.6,14.01,23.17,22.56,12.77,20.71,24.38,22.85,22.03,11.89,17.45,21.28,20.11,18.89,8.67,16.87,24.98,23.21,21.09,14.12,12.94,22.68,22.78,12.39,16.87,19.93,13.28,23.22,12.73,24.34,23.29,9.16,20.33,26.71,20.67,19.51,5.18,21.11,16.12,21.67,18.64,22.67,20.53,10.67,18.71,8.6,17.92,20.75,20.98,25.34,18.19,14.86,16.87,16.68,21.55,11.35,12.17,23.84,8.12,16.93,17.35,6.42,14.8,11.47,18.93,20.81,22.23,12.44,26.49,9.06,11.67,15.15,13.5,9.44,18.33,17.63,16.44,17.15,19.88,20.73,25.12,19.88,10.96,17.08,25.61,23.03,10.23,13.14,21.07,22.62,8.1,23.5,20.48
Mouse_038,BALB_c,Drug,9.54,12.14,15.16,9.04,20.67,22.12,23.88,14.45,15.66,24.61,19.86,11.45,17.23,20.99,20.94,17.87,8.98,12.69,15.89,17.29,15.73,4.85,10.76,21.81,18.45,19.39,11.11,11.46,21.16,20.52,11.39,15.63,18.56,13.39,22.11,11.76,26.69,25.24,10.35,21.3,26.94,22.2,20.8,3.97,22.16,15.78,22.44,20.0,23.54,21.17,11.16,19.77,9.32,17.32,21.67,21.25,27.57,17.48,13.04,18.77,19.91,25.09,13.67,16.61,25.81,8.94,18.76,20.52,8.11,19.34,13.87,21.38,22.86,24.85,13.69,26.24,9.65,15.75,17.37,14.44,9.88,17.6,18.35,19.35,15.54,19.85,19.91,24.96,20.08,11.91,15.94,26.34,21.35,9.46,13.12,22.36,24.34,10.07,24.24,19.07
Mouse_039,BALB_c,Drug,10.02,14.89,15.51,10.57,23.02,23.12,23.67,18.82,15.51,23.28,20.78,13.78,22.28,23.37,21.73,20.49,12.0,16.91,18.28,18.16,18.75,8.75,16.71,23.58,21.85,18.51,15.55,13.47,22.51,21.93,10.88,17.03,18.99,14.7,21.79,12.54,24.85,24.82,7.96,20.75,27.72,21.57,20.47,6.41,22.75,15.85,21.63,20.05,23.06,20.06,8.97,21.19,9.87,16.07,20.08,21.68,26.51,18.12,12.25,18.82,16.12,22.54,13.11,13.43,22.4,6.73,18.0,17.89,6.06,15.72,10.03,17.54,22.85,24.15,13.45,25.9,7.92,14.43,15.26,13.89,10.41,21.82,19.29,20.71,15.56,20.43,19.57,25.82,20.39,11.33,15.84,25.0,21.22,10.43,12.95,21.22,23.78,10.19,24.13,20.77
Mouse_040,BALB_c,Drug,7.55,12.38,13.84,9.54,21.2,22.23,22.93,16.36,15.34,22.81,19.26,13.09,21.15,24.35,23.65,22.87,11.4,17.14,21.57,21.56,20.28,8.83,16.48,24.48,20.15,21.57,14.81,13.75,22.83,21.43,11.47,14.95,18.4,13.74,23.75,11.9,26.64,22.42,10.26,22.49,28.14,22.56,20.94,3.17,23.57,15.25,21.86,20.45,19.97,19.49,8.05,18.05,9.4,15.21,18.8,20.05,26.18,15.33,12.41,17.33,16.96,21.05,11.73,14.91,23.47,5.74,18.02,17.69,7.81,16.29,12.6,17.17,20.34,22.83,12.94,25.44,8.04,13.82,16.97,14.27,10.98,17.63,20.2,18.29,15.31,20.75,19.98,24.23,19.9,10.69,15.82,25.16,22.55,10.67,12.13,22.46,22.44,11.1,22.49,20.36
Mouse_041,C57BL6,Placebo,18.92,20.12,23.87,18.84,10.09,15.59,5.59,21.3,19.02,13.17,9.95,18.7,11.74,15.99,8.27,11.96,24.81,16.97,17.74,17.27,9.06,20.34,16.3,13.31,10.65,19.77,14.64,15.65,9.79,11.71,28.83,20.79,14.1,19.4,7.39,20.53,9.76,10.78,21.58,12.19,14.34,10.92,8.77,24.83,10.09,15.1,15.15,16.21,16.45,10.68,21.05,21.58,19.18,15.93,8.53,16.32,14.18,16.92,19.77,19.81,15.1,9.79,22.63,14.25,16.2,27.59,11.77,20.33,22.65,14.05,20.14,11.71,14.73,13.07,19.7,12.18,21.7,17.58,22.36,25.31,22.67,20.55,18.69,22.0,15.76,10.75,8.89,16.42,19.0,19.04,20.71,13.86,16.0,20.11,23.94,18.83,16.65,24.67,15.57,11.43
Mouse_042,C57BL6,Placebo,19.17,20.26,25.64,17.9,12.41,15.12,5.79,21.4,19.89,13.38,8.78,19.85,10.16,14.27,6.08,12.65,21.43,16.05,17.19,18.48,9.47,21.34,15.74,11.64,8.07,18.03,14.84,13.71,8.94,11.25,24.07,16.84,12.24,17.27,6.94,19.16,11.71,11.27,21.49,12.77,13.41,10.11,7.98,25.71,9.95,15.22,15.08,16.67,15.4,8.51,21.17,19.67,18.98,14.27,6.58,13.71,12.39,15.07,20.1,17.7,17.11,12.18,22.9,14.95,15.87,27.58,12.71,20.92,20.84,14.73,21.5,13.49,13.0,9.89,18.55,8.83,20.4,14.31,20.78,22.6,20.77,20.15,18.08,19.79,14.9,9.39,9.52,10.13,16.35,16.11,17.08,11.96,12.96,15.92,19.61,14.72,15.93,26.09,13.44,10.71
Mouse_043,C57BL6,Placebo,22.62,22.26,26.1,20.1,15.9,18.92,9.0,24.77,20.6,15.25,11.7,22.39,11.27,16.37,6.14,12.1,23.76,18.72,18.12,18.22,10.09,24.28,17.23,12.82,9.32,18.43,14.2,15.83,9.91,13.38,24.61,19.64,14.69,16.84,7.52,21.0,8.96,9.55,22.88,11.46,12.11,10.98,7.65,24.74,7.42,15.39,13.7,17.1,15.04,9.08,21.62,19.84,19.75,17.43,9.78,14.79,14.5,16.2,20.54,17.94,18.15,12.92,22.67,17.25,16.26,27.3,12.28,20.76,22.28,14.58,20.77,14.29,13.37,9.35,19.59,10.79,20.51,16.53,21.46,22.41,21.91,20.56,17.63,21.0,17.21,10.52,11.55,13.82,17.97,17.72,20.5,14.59,14.85,20.09,21.38,17.8,13.65,26.25,13.82,10.18
Mouse_044,C57BL6,Placebo,21.26,21.08,26.01,20.03,13.33,17.39,8.87,24.46,20.22,13.92,9.41,18.81,11.2,16.42,8.04,11.55,23.47,18.52,17.84,19.23,10.49,21.85,17.97,13.56,9.42,17.88,14.3,16.02,9.45,13.31,25.94,20.11,15.15,19.57,8.79,21.8,9.94,9.55,23.4,14.22,14.2,10.87,8.11,24.41,10.09,15.98,14.58,17.14,15.68,8.54,19.39,19.22,17.44,15.96,8.22,16.2,13.02,13.96,18.65,17.05,14.15,10.91,18.98,14.03,14.23,25.14,10.12,15.91,19.23,12.65,18.97,10.06,12.59,8.05,17.43,7.77,20.13,14.88,19.93,21.85,19.08,17.74,15.72,20.89,18.39,13.3,12.31,15.11,20.46,22.67,21.35,15.32,16.56,20.81,24.61,20.1,14.2,26.13,14.36,11.29
Mouse_045,C57BL6,Placebo,19.6,20.85,23.78,18.59,13.84,15.73,6.34,21.54,18.73,13.07,9.42,17.55,8.83,12.85,4.14,9.13,21.94,13.11,13.97,14.92,7.36,19.64,12.83,12.21,9.6,22.43,15.27,18.02,11.1,13.89,29.73,21.64,17.87,22.04,10.43,24.63,8.37,7.46,18.16,9.46,10.02,6.95,6.18,23.75,5.66,12.73,13.24,16.29,15.8,9.44,19.63,21.55,18.39,15.53,9.15,15.04,16.32,16.09,18.59,17.35,16.09,11.08,19.68,13.11,16.18,27.21,11.62,18.06,21.56,14.25,19.55,10.74,14.66,12.4,21.12,11.85,23.15,17.75,22.55,26.51,23.13,19.39,18.69,23.46,14.38,7.3,11.12,11.26,17.37,14.5,17.66,11.9,12.07,18.6,20.92,16.29,15.51,25.06,14.8,11.42
Mouse_046,C57BL6,Placebo,21.63,21.06,25.84,18.8,14.56,18.49,8.14,24.12,21.97,15.6,13.36,19.44,12.57,16.85,7.68,13.31,25.45,19.11,18.28,19.72,10.42,22.35,16.74,12.79,10.45,17.27,13.96,15.3,10.88,12.88,27.48,17.73,15.16,19.05,9.28,21.57,9.48,10.19,21.04,11.98,12.43,11.4,6.92,24.9,7.45,14.17,14.82,14.84,15.94,10.48,21.62,20.19,20.1,18.27,10.17,15.79,14.09,17.55,18.94,20.31,18.22,11.22,20.73,15.23,15.2,28.03,12.32,20.66,22.53,17.56,23.4,13.97,12.87,10.54,19.69,10.04,21.53,15.79,20.14,22.05,19.83,19.33,18.57,20.81,15.02,8.74,8.63,11.8,16.58,15.98,17.99,13.08,12.64,18.41,21.43,17.1,14.99,24.18,15.67,10.26
Mouse_047,C57BL6,Placebo,20.3,19.81,25.17,18.67,13.23,17.3,7.68,23.24,20.51,14.24,12.0,19.12,11.33,15.61,5.78,12.53,23.81,17.33,18.67,19.06,7.77,22.5,14.52,12.99,11.17,18.73,15.61,16.97,9.31,12.13,24.64,20.5,13.38,17.85,7.12,21.17,10.03,8.45,21.02,11.47,12.6,9.19,7.05,25.58,8.82,15.83,14.6,17.99,16.07,6.57,20.35,18.56,16.18,15.13,6.43,14.73,12.76,15.66,18.87,16.1,15.42,10.68,21.35,14.43,14.94,26.71,9.25,17.55,20.86,13.05,21.51,10.93,13.17,10.69,18.67,9.66,21.33,15.69,20.95,23.41,22.36,20.21,17.14,20.57,16.34,10.31,9.37,12.63,17.9,16.4,19.87,13.97,13.65,18.77,23.61,19.52,15.32,24.88,14.5,11.24
Mouse_048,C57BL6,Placebo,22.17,21.25,26.24,21.22,14.11,18.36,9.21,24.77,20.89,15.65,12.72,22.23,11.01,15.93,5.61,12.22,23.23,15.0,16.56,16.98,11.21,20.39,16.62,11.53,6.76,17.37,14.51,15.51,8.67,12.25,24.5,19.4,14.67,17.92,6.65,21.51,9.71,10.24,20.08,10.69,12.52,8.76,7.41,26.18,8.23,14.63,14.06,16.13,15.25,9.28,20.43,19.09,17.54,17.5,9.98,17.21,13.69,16.23,19.07,18.1,17.74,11.25,22.49,15.45,15.86,29.55,14.84,22.08,23.71,16.76,23.86,13.02,12.39,9.36,18.3,7.33,20.19,14.06,19.15,22.64,21.05,16.95,16.12,19.07,16.44,10.9,10.39,13.49,19.76,18.28,19.82,13.6,15.5,20.31,23.33,16.73,14.36,25.94,14.91,11.3
Mouse_049,C57BL6,Placebo,20.45,20.28,26.3,18.34,12.9,16.71,5.93,21.61,18.21,15.02,10.73,21.44,10.59,16.38,7.5,11.94,22.3,14.31,16.04,18.81,9.02,20.56,16.34,12.85,7.88,15.76,13.25,14.61,8.07,11.28,24.88,18.47,13.13,16.94,6.35,18.26,7.47,9.59,20.86,11.22,12.38,7.7,5.78,24.85,7.49,13.5,14.33,15.98,16.47,9.52,21.45,21.45,20.39,17.59,9.22,16.91,15.53,16.37,21.97,19.51,16.21,11.49,22.12,13.09,16.05,27.88,10.76,20.8,21.92,13.92,21.06,13.58,12.57,9.34,19.23,7.9,18.92,15.75,20.13,23.16,20.51,18.63,18.83,19.45,17.33,10.7,10.83,14.12,18.47,18.24,19.29,15.07,15.06,19.25,24.09,17.47,15.72,25.44,15.5,10.57
Mouse_050,C57BL6,Placebo,20.98,20.43,23.54,18.91,12.47,17.59,6.39,21.31,19.18,13.69,9.37,20.62,13.86,18.22,10.13,14.73,26.89,19.79,20.0,22.41,11.62,23.8,19.92,15.33,6.63,16.96,12.87,14.23,7.34,11.83,24.87,17.9,12.8,16.93,5.98,19.33,8.08,8.68,20.96,11.04,12.27,10.04,7.08,24.89,6.29,14.49,13.48,17.16,15.11,6.16,18.11,17.79,17.62,15.5,8.53,14.86,13.83,15.01,18.5,17.75,15.21,9.49,21.16,11.83,13.83,26.1,9.31,18.07,21.02,13.03,20.03,10.38,11.13,8.8,19.04,9.25,19.69,15.0,19.9,23.69,21.64,18.59,17.93,19.79,16.27,9.89,10.6,12.79,18.65,19.75,19.31,15.73,14.87,19.81,23.65,16.74,17.79,25.05,13.6,9.12
Mouse_051,C57BL6,Placebo,18.57,19.78,21.64,17.96,11.96,14.52,5.29,21.71,17.29,11.39,9.55,18.02,14.01,18.06,9.62,15.95,27.55,17.54,19.16,21.4,12.7,24.11,18.58,14.52,8.63,18.82,14.78,16.78,10.03,12.14,26.82,18.08,14.52,19.28,6.1,21.18,8.37,10.37,21.41,12.03,12.33,9.86,7.22,24.57,7.4,15.08,14.74,17.48,17.48,10.59,23.41,22.71,20.25,18.56,10.51,17.09,15.8,18.46,22.06,19.86,16.82,12.19,20.87,14.56,15.93,29.49,9.93,20.08,21.9,13.5,21.19,13.23,10.73,8.16,14.96,7.44,16.28,13.79,17.98,21.24,17.73,17.51,16.1,17.47,16.65,12.33,12.27,13.61,17.96,18.28,20.84,15.7,15.21,20.2,23.68,18.48,15.88,26.12,14.71,11.74
Mouse_052,C57BL6,Placebo,21.28,20.51,24.39,20.08,12.92,17.45,6.41,23.81,20.02,14.42,12.52,19.79,11.0,15.36,7.2,10.95,24.47,16.13,15.46,19.08,8.55,20.73,15.85,13.02,11.88,19.44,15.04,16.12,10.53,13.94,28.19,20.54,17.81,18.68,7.76,22.75,10.53,11.52,23.01,12.49,13.41,11.64,8.76,25.29,9.8,15.21,15.85,18.26,15.07,8.98,18.92,19.22,18.5,16.51,6.79,14.2,14.06,15.43,21.14,16.34,17.64,11.15,22.23,16.47,16.14,28.23,12.03,20.91,21.48,15.98,22.88,13.51,14.26,11.08,18.27,9.98,22.54,16.62,21.28,21.32,20.89,19.49,18.78,21.25,15.74,10.51,10.13,13.5,19.45,18.35,19.43,14.64,15.23,20.2,22.48,16.75,15.85,25.96,15.83,10.78
Mouse_053,C57BL6,Placebo,21.29,19.66,23.93,19.94,11.67,17.12,7.81,21.0,18.93,13.22,9.77,21.4,11.66,15.77,7.3,13.59,23.74,15.24,16.2,18.04,10.01,20.74,15.74,12.98,10.86,18.75,17.5,17.97,11.32,14.73,29.84,20.15,15.74,20.46,8.7,22.54,10.29,13.58,23.97,14.81,14.65,10.86,11.81,28.59,10.18,17.31,18.1,18.79,16.27,8.0,19.71,20.13,17.56,15.39,10.34,13.31,12.34,15.71,18.57,17.13,18.8,11.93,20.98,16.18,17.61,28.83,13.2,19.66,22.97,15.54,22.14,14.5,13.04,11.3,18.56,10.89,22.21,16.48,21.42,22.63,21.32,18.69,17.27,20.83,18.27,11.35,12.63,14.12,20.75,19.0,22.14,15.97,17.27,21.32,24.4,18.24,15.39,25.16,13.42,11.55
Mouse_054,C57BL6,Placebo,20.83,19.39,24.92,17.12,9.68,14.44,4.23,20.34,16.37,10.93,9.24,18.55,11.74,15.96,7.39,11.64,24.88,18.02,16.62,19.05,8.57,21.11,15.66,12.25,8.85,18.89,15.68,15.72,10.65,13.49,27.64,17.56,15.69,19.62,7.75,22.58,10.05,11.5,24.59,11.11,14.51,10.91,9.15,26.5,10.33,15.19,14.84,18.25,16.7,9.51,22.54,21.62,20.24,17.69,10.92,16.82,14.91,16.91,21.66,19.34,17.85,9.89,20.95,14.59,18.27,26.8,10.73,19.51,21.66,13.77,21.55,13.86,14.53,11.74,20.79,13.18,22.68,18.26,24.56,25.18,22.6,19.73,20.46,23.08,17.96,11.88,11.86,15.07,19.64,19.01,19.95,14.6,16.54,21.35,23.01,18.37,14.85,24.93,15.32,10.91
Mouse_055,C57BL6,Placebo,20.22,18.85,22.73,17.95,10.35,16.3,3.64,21.09,20.79,12.34,9.8,19.71,11.42,16.44,7.26,13.29,25.32,18.25,16.11,19.17,9.76,23.81,17.2,12.68,10.65,20.2,15.73,16.86,8.62,14.29,28.83,19.26,16.02,19.95,8.26,20.79,10.08,9.32,21.8,13.43,12.28,10.56,8.12,25.02,6.96,13.84,14.98,17.68,20.09,10.7,24.51,22.15,20.87,19.49,11.96,18.58,16.55,17.94,24.18,19.35,17.66,11.35,20.11,13.85,14.67,26.71,12.01,19.01,21.27,12.85,22.11,11.76,10.72,9.86,16.5,8.02,19.29,15.37,21.23,22.47,19.96,19.42,16.17,20.02,18.18,11.79,12.74,13.95,19.56,19.56,20.76,15.96,16.65,20.59,25.16,19.19,14.7,25.76,16.45,10.25
Mouse_056,C57BL6,Placebo,16.72,16.79,21.94,15.37,8.84,14.06,6.41,19.59,17.26,11.03,10.95,16.84,12.72,18.34,10.05,16.46,26.95,19.8,19.27,22.3,11.79,22.87,16.48,16.42,9.51,18.59,16.64,17.28,9.68,12.04,27.7,20.26,13.07,19.72,8.6,20.7,11.52,11.8,21.11,14.54,13.49,11.41,9.11,25.84,8.49,14.51,16.23,18.45,16.85,8.28,20.92,20.05,16.21,16.3,9.23,16.4,14.35,14.52,21.47,17.78,17.93,14.73,23.32,16.44,17.7,30.42,14.48,22.16,23.03,14.92,23.13,15.46,14.89,12.94,20.94,11.54,24.77,18.51,24.51,25.86,24.13,22.57,20.37,24.44,15.24,8.68,9.59,11.44,17.82,17.06,18.97,13.19,12.47,18.17,22.83,17.09,15.34,24.68,15.49,11.5
Mouse_057,C57BL6,Placebo,21.24,21.97,25.95,19.27,12.58,19.71,6.91,22.68,20.41,14.31,11.18,19.66,11.78,15.17,6.48,13.34,24.52,18.64,17.64,19.36,11.66,21.66,15.83,12.39,8.37,17.88,14.24,14.54,9.3,12.97,25.41,16.54,12.36,19.5,6.58,20.43,11.42,11.92,24.64,14.35,15.01,11.85,9.32,26.67,9.37,16.6,16.67,19.42,16.82,8.65,19.01,20.3,18.59,16.3,9.27,14.42,13.36,15.18,20.24,17.45,17.14,12.48,20.85,14.62,13.85,28.28,11.77,20.99,21.54,13.46,21.51,11.08,13.27,11.46,18.46,10.18,22.34,16.98,21.15,22.83,22.1,20.38,17.98,20.65,15.45,9.35,10.75,13.22,16.46,17.54,18.64,13.36,15.29,17.76,21.84,16.76,15.19,25.56,15.49,9.62
Mouse_058,C57BL6,Placebo,18.91,18.99,23.88,17.87,10.74,16.86,5.34,20.46,18.34,11.29,8.65,17.73,12.44,14.54,6.95,13.71,24.13,16.71,17.12,19.61,10.22,21.91,15.52,12.54,9.91,18.3,15.38,15.46,9.1,13.54,26.84,18.95,12.89,17.5,7.77,20.31,10.35,11.14,22.43,14.26,13.18,11.39,7.78,26.86,8.85,14.85,16.3,16.83,14.03,6.19,17.42,16.75,16.76,15.6,6.1,14.68,11.69,14.05,18.98,16.33,17.46,11.14,22.92,13.97,16.82,28.88,12.24,19.85,23.09,14.4,22.29,14.16,13.95,10.74,19.23,10.73,20.57,15.53,21.92,23.82,23.23,21.05,18.67,21.16,19.2,12.53,12.54,14.12,20.91,20.85,20.34,16.17,15.1,22.43,23.07,20.06,15.03,25.91,16.2,10.56
Mouse_059,C57BL6,Placebo,19.02,18.1,25.19,16.99,10.48,15.26,5.72,21.64,18.74,12.44,8.66,18.68,13.26,17.6,8.05,14.67,25.58,16.9,18.03,21.0,10.68,23.22,17.2,14.29,8.58,16.62,13.41,14.18,9.28,13.26,25.47,18.07,14.47,18.75,6.76,22.08,11.25,12.5,24.85,12.34,13.75,11.78,8.9,26.29,8.51,16.02,16.05,20.82,16.95,10.51,23.09,20.52,18.78,16.96,9.98,15.57,14.38,17.45,22.37,20.15,17.61,9.16,20.26,12.78,14.73,25.61,10.16,18.59,19.76,13.31,21.26,9.89,11.13,10.55,16.31,9.59,19.01,14.27,19.12,21.26,20.8,19.74,16.56,22.1,15.28,10.19,10.75,12.82,16.81,17.46,17.46,14.18,14.05,18.05,20.87,17.98,14.75,25.09,13.25,10.68
Mouse_060,C57BL6,Placebo,20.92,20.25,25.69,18.97,13.41,17.3,6.97,23.84,21.92,15.81,11.66,20.07,11.46,15.71,7.22,13.02,25.8,17.06,18.2,19.44,12.5,21.67,17.65,13.18,9.1,17.48,13.44,15.28,9.37,11.29,27.2,17.28,12.36,18.1,6.54,20.05,11.36,12.09,23.62,14.13,12.82,11.14,8.73,26.16,10.79,17.19,15.69,19.57,16.55,9.88,21.08,20.08,20.04,16.61,9.06,15.41,13.62,16.27,20.99,18.81,16.91,13.31,20.93,14.78,15.66,26.58,11.31,19.15,19.38,12.99,21.48,11.91,11.7,9.38,17.52,8.78,19.86,16.98,19.95,21.78,17.92,17.14,16.28,20.28,13.41,8.44,10.54,11.08,16.65,16.69,17.46,13.74,12.95,18.56,20.43,16.57,14.68,25.15,14.27,11.53
Mouse_061,C57BL6,Drug,8.11,8.78,14.68,9.0,20.49,29.39,18.43,10.68,13.85,19.47,21.5,12.63,21.05,14.1,19.58,20.53,10.16,13.56,18.59,19.14,16.71,6.54,12.98,21.54,19.15,16.91,18.16,10.67,23.25,20.93,16.81,14.69,25.34,11.91,19.03,11.43,24.34,21.45,9.32,20.94,26.37,22.41,21.01,13.62,20.32,15.6,20.47,13.16,24.06,22.4,13.87,20.54,10.79,17.82,19.33,17.75,27.75,19.07,13.08,19.73,19.45,26.9,18.38,16.11,26.87,16.81,18.18,22.17,11.89,19.71,14.66,21.97,21.05,25.02,6.86,23.21,6.83,13.46,21.14,14.13,8.77,18.78,19.53,20.23,12.72,19.5,18.15,24.25,17.53,10.98,15.86,25.48,13.92,8.99,11.48,21.37,23.95,9.18,22.3,19.78
Mouse_062,C57BL6,Drug,11.28,13.03,15.13,12.44,21.0,29.96,18.97,12.0,17.52,22.63,22.15,14.61,19.92,14.92,21.78,19.39,10.53,15.56,16.8,18.84,16.71,7.47,13.26,20.98,19.76,15.06,18.63,11.86,21.17,21.64,15.2,16.73,24.74,13.19,19.09,11.18,20.91,21.52,5.66,15.74,24.83,20.33,16.66,10.57,19.4,13.47,19.29,8.8,21.84,20.18,11.27,20.88,8.87,18.07,17.77,17.21,26.42,17.07,11.46,19.05,17.75,22.62,15.91,13.3,23.37,13.99,15.92,19.18,12.69,18.77,12.82,19.26,21.25,23.98,6.41,24.18,6.47,12.86,20.95,14.77,9.59,17.18,19.99,21.39,14.64,21.85,21.02,26.02,18.22,12.09,17.28,26.1,16.22,9.77,13.88,22.78,24.28,10.26,25.79,18.55
Mouse_063,C57BL6,Drug,7.33,9.9,13.94,7.73,19.39,29.23,16.56,9.39,15.74,21.37,21.96,12.35,22.58,16.1,20.31,21.32,11.14,13.07,18.28,19.39,17.52,5.03,14.79,23.11,19.61,15.68,18.42,12.65,21.4,20.71,17.12,15.92,26.32,11.76,17.14,12.78,23.22,23.89,9.38,20.26,28.59,21.92,20.84,12.66,21.94,15.22,22.26,11.79,22.16,18.73,10.67,20.34,6.62,15.74,17.53,17.08,24.55,18.11,10.81,19.63,16.46,24.52,16.64,14.59,24.31,14.06,17.41,20.07,10.03,17.69,12.72,19.91,18.93,25.68,4.48,19.61,5.87,11.95,18.74,15.2,10.13,19.09,18.37,20.16,14.17,19.44,19.9,26.39,17.76,12.58,15.07,24.06,14.74,9.76,11.99,21.43,24.3,9.38,23.86,21.22
Mouse_064,C57BL6,Drug,9.36,8.07,14.23,9.56,18.85,29.88,18.05,9.05,15.02,20.38,20.97,11.43,23.01,18.88,23.57,21.54,12.24,15.5,21.29,19.41,19.6,7.05,15.18,23.39,21.41,17.4,18.38,12.27,23.87,23.06,14.55,15.57,27.2,14.27,20.66,12.75,22.87,21.44,9.68,18.6,26.42,19.65,20.86,11.87,22.65,15.1,20.71,11.41,21.39,19.03,9.52,18.56,6.66,14.97,16.4,17.53,25.36,15.3,9.94,17.25,15.07,22.64,17.43,14.58,23.13,13.38,17.25,19.15,9.96,15.61,14.07,18.42,23.01,28.58,9.42,25.23,8.98,18.2,23.24,16.62,13.64,22.35,21.62,25.24,15.02,19.49,19.94,26.06,17.73,10.79,17.74,24.99,15.22,9.19,12.98,22.24,24.73,11.81,21.9,20.3
Mouse_065,C57BL6,Drug,6.73,7.68,12.83,8.9,20.88,26.78,14.7,8.72,11.4,17.34,18.99,10.78,22.14,16.97,23.59,20.5,13.38,15.22,20.8,20.98,18.91,9.67,16.53,24.76,19.76,17.03,17.31,9.7,22.64,21.85,15.4,14.2,25.11,14.53,18.83,10.55,23.97,23.81,6.95,17.85,24.81,20.49,18.31,12.47,20.1,14.04,19.92,10.81,21.98,20.65,10.14,20.16,8.73,15.18,17.72,17.61,26.11,16.51,11.16,18.4,18.81,24.25,19.02,14.95,24.75,17.23,18.96,20.89,12.91,19.54,14.14,20.02,19.61,22.74,3.71,22.52,4.24,12.05,18.18,12.67,9.04,16.67,17.26,20.55,11.39,18.26,19.03,24.8,17.48,9.44,16.36,25.27,14.33,9.37,12.37,20.97,24.3,11.86,23.25,20.6
Mouse_066,C57BL6,Drug,9.08,10.64,14.51,9.23,20.13,29.46,17.42,10.04,12.09,18.41,19.39,13.27,18.91,15.93,20.99,18.45,10.67,15.23,20.22,18.73,17.66,7.0,15.2,23.19,19.21,16.6,17.74,12.84,22.23,22.84,18.05,15.79,25.53,14.58,20.32,11.99,22.85,20.63,7.55,17.85,24.43,20.02,20.22,12.79,20.73,14.03,19.85,10.25,22.05,18.82,10.77,20.27,8.99,16.34,18.36,17.9,25.82,16.36,10.4,18.38,17.65,22.79,16.42,13.43,25.71,14.27,15.37,18.86,12.85,16.76,11.82,19.07,22.81,26.29,6.86,21.75,6.47,15.14,23.79,15.75,12.2,18.68,20.36,23.63,12.6,18.12,19.02,25.29,16.45,11.48,14.89,24.31,13.37,9.41,12.32,22.04,24.31,10.28,24.62,18.22
Mouse_067,C57BL6,Drug,10.57,11.85,16.89,12.38,22.13,31.59,21.21,11.63,16.23,21.75,22.17,14.4,22.51,15.39,19.72,20.45,10.97,15.23,20.52,20.22,16.87,8.35,14.28,23.74,20.83,19.75,17.41,12.8,22.06,22.11,15.88,16.46,25.69,14.28,19.53,11.35,25.0,22.82,7.85,19.39,24.5,20.78,18.35,12.87,21.44,12.09,19.81,11.8,22.69,19.36,9.89,18.44,8.83,16.49,17.73,17.0,27.17,18.68,11.63,18.37,18.05,24.85,16.48,13.97,24.18,15.75,16.01,19.36,10.29,17.93,13.86,19.38,22.42,27.13,6.56,24.23,6.73,14.59,22.56,13.64,9.5,18.95,21.03,22.62,14.5,18.47,19.06,24.54,19.51,11.31,15.96,25.31,14.64,8.19,12.95,21.71,25.35,10.74,23.38,19.35
Mouse_068,C57BL6,Drug,9.07,8.57,13.08,8.56,20.3,27.97,17.41,10.45,14.52,19.13,20.31,11.45,21.34,17.29,22.42,20.64,11.54,17.19,19.78,21.73,19.04,7.45,15.53,24.88,17.69,16.45,16.68,11.76,21.5,23.27,16.47,16.9,26.28,12.12,17.33,11.89,23.86,23.13,7.87,20.68,25.91,19.91,20.63,12.57,22.06,13.14,19.97,9.74,20.25,19.01,8.57,18.72,7.97,16.16,16.8,17.2,25.75,16.45,11.67,17.3,18.55,25.25,19.1,15.28,25.89,15.41,18.61,22.45,13.34,16.86,13.96,22.52,20.02,24.25,5.35,21.12,6.06,13.41,19.64,13.0,8.26,18.54,16.48,19.91,13.75,19.49,19.46,25.59,16.73,10.36,16.51,25.38,15.52,8.21,12.85,21.5,23.66,11.22,24.32,19.52
Mouse_069,C57BL6,Drug,7.75,8.51,13.61,7.87,18.5,27.77,16.94,9.18,14.39,19.11,19.61,12.99,22.25,17.93,23.11,22.49,13.33,17.07,21.19,22.04,20.33,10.02,15.91,25.37,21.89,20.44,19.36,15.1,26.04,25.02,17.79,17.6,28.38,15.73,21.88,13.89,24.65,23.15,8.65,20.19,27.33,22.05,22.36,13.96,23.45,15.85,21.07,11.66,24.8,22.17,12.97,23.18,11.11,20.29,20.31,19.48,28.82,20.3,14.03,20.64,17.93,23.47,16.94,15.82,23.41,13.05,16.46,19.77,11.2,17.27,11.5,19.27,23.5,27.43,6.93,23.57,5.37,15.58,21.25,14.43,11.1,18.23,20.9,22.03,12.96,18.96,19.55,23.75,16.27,9.67,14.56,24.66,14.13,7.35,12.7,21.99,22.69,11.65,23.44,21.33
Mouse_070,C57BL6,Drug,9.0,11.54,16.81,9.7,20.75,29.6,18.79,11.73,15.19,22.27,21.21,13.53,21.68,14.63,21.14,19.62,10.15,14.34,18.46,18.19,16.6,7.58,12.7,22.89,20.58,18.48,20.54,13.39,23.35,24.04,18.07,16.84,26.84,14.15,20.78,11.94,24.43,22.99,8.79,20.57,24.75,22.12,19.69,15.23,19.92,16.45,20.7,12.15,22.5,21.64,12.6,20.37,10.26,17.25,18.64,17.94,27.13,17.11,11.82,19.26,18.89,25.1,18.29,16.41,26.69,15.4,18.23,20.56,13.21,17.6,14.59,22.22,20.56,26.13,4.75,21.05,4.97,13.66,19.8,12.25,9.1,18.63,18.31,19.77,14.24,20.68,20.9,25.69,18.5,10.59,15.9,26.01,16.61,10.92,12.45,23.83,25.22,11.05,22.02,20.65
Mouse_071,C57BL6,Drug,7.49,10.77,15.81,9.29,20.24,28.34,17.43,8.74,15.39,20.07,18.87,13.3,19.46,15.61,20.5,20.0,7.93,14.01,18.58,18.6,16.44,6.22,13.27,21.14,22.33,17.44,20.25,12.47,24.11,24.48,16.57,17.87,26.5,14.32,21.11,15.01,24.47,24.14,9.34,22.39,26.82,22.28,21.8,12.95,22.17,17.45,23.23,12.28,22.27,21.52,12.19,19.48,9.83,16.19,17.06,18.55,25.16,17.58,11.37,19.45,16.16,20.83,15.18,12.4,21.57,13.03,16.84,19.22,9.64,18.64,11.91,18.06,21.12,27.75,5.2,22.31,6.19,14.8,18.97,13.63,10.01,18.25,19.38,20.04,15.05,21.63,20.63,27.46,20.24,13.5,15.5,26.45,16.18,10.58,14.77,24.36,23.27,12.24,22.91,19.54
Mouse_072,C57BL6,Drug,7.76,9.8,11.74,8.95,18.96,28.13,14.95,9.16,14.57,19.53,19.55,11.05,20.95,15.04,21.78,19.37,9.86,14.15,19.99,17.86,17.73,6.14,15.22,22.7,20.3,16.99,19.83,11.28,23.56,22.07,16.92,15.32,27.06,14.82,19.88,12.83,25.17,25.13,8.5,21.53,26.12,21.74,21.77,13.62,22.83,15.41,22.32,12.38,20.44,19.55,9.78,20.66,8.85,15.7,15.21,16.74,24.85,15.21,9.79,17.01,14.82,21.05,13.42,11.94,19.82,12.22,14.07,17.85,7.5,14.31,12.31,18.96,20.14,26.58,7.77,21.54,5.39,13.64,19.3,15.02,9.91,19.03,17.54,21.16,14.0,19.32,17.85,22.04,17.53,10.52,16.08,25.56,12.78,8.73,10.08,19.32,23.63,12.58,23.71,20.92
Mouse_073,C57BL6,Drug,8.91,11.0,14.4,11.24,20.7,29.51,17.74,11.41,15.49,20.16,20.79,11.92,22.74,16.94,21.81,21.4,11.24,15.89,20.12,21.05,18.85,8.21,15.27,25.21,18.4,18.06,18.26,12.57,21.65,21.78,16.22,16.1,24.78,13.33,18.82,11.84,25.89,23.7,7.94,20.48,26.03,21.66,19.13,12.64,20.49,15.22,19.41,13.28,22.44,20.35,10.69,20.51,9.49,16.5,17.64,18.23,26.78,19.22,12.95,19.31,17.99,24.96,18.52,15.33,23.57,14.29,17.68,20.72,10.32,19.29,13.23,21.99,21.05,23.49,3.68,20.91,5.04,14.93,19.14,13.49,7.74,19.54,17.82,21.26,12.56,18.58,18.19,25.58,17.62,12.66,15.38,27.53,15.25,10.03,13.48,23.36,24.7,10.51,23.8,19.74
Mouse_074,C57BL6,Drug,10.49,10.34,15.44,8.75,19.33,28.11,16.48,9.0,13.81,18.94,21.81,12.44,22.15,14.59,20.57,18.55,10.6,13.56,16.27,18.7,16.41,5.32,13.12,21.08,22.33,21.04,21.69,15.53,24.2,24.18,17.84,18.48,27.34,15.38,22.31,13.44,23.87,22.81,7.78,19.15,26.05,18.85,20.7,9.96,21.09,15.2,19.93,9.55,23.28,20.56,12.64,21.11,11.11,19.74,19.49,18.44,26.54,18.95,13.05,20.53,18.24,24.27,17.53,15.49,23.3,14.57,17.14,19.39,11.65,18.84,14.14,20.56,21.88,28.95,7.37,26.64,8.98,16.54,20.85,15.04,12.56,22.15,20.51,22.85,12.95,17.83,19.09,23.71,16.88,10.29,16.23,26.39,14.96,9.86,11.35,20.79,25.07,10.53,24.71,19.72
Mouse_075,C57BL6,Drug,7.58,9.55,14.09,8.08,20.14,28.85,18.19,9.42,14.58,18.9,19.7,11.94,20.88,18.24,22.93,20.2,11.4,15.49,19.14,19.97,17.54,7.37,15.52,22.96,21.5,17.59,18.58,11.98,22.96,25.08,18.08,15.68,27.35,14.14,19.38,14.11,24.66,23.76,7.84,20.64,26.85,22.51,20.71,13.6,21.84,15.94,21.58,11.84,21.79,18.47,9.61,19.08,7.71,15.71,16.78,15.48,25.44,16.14,10.7,17.27,18.68,22.27,17.92,14.31,23.47,14.93,17.12,18.99,12.45,17.33,12.58,21.16,20.49,24.43,8.04,21.54,5.72,13.69,21.27,14.21,9.87,18.66,19.64,20.18,15.6,20.87,22.44,25.99,19.94,12.64,17.12,26.28,17.13,11.44,13.25,23.39,24.2,10.5,24.1,17.5
Mouse_076,C57BL6,Drug,10.51,12.28,14.38,9.27,20.54,28.79,16.9,10.75,15.37,21.43,20.09,12.94,20.52,15.93,22.67,20.55,11.94,17.0,19.79,20.53,19.31,8.64,12.61,25.09,23.46,20.71,21.08,15.76,26.15,26.08,21.72,19.95,29.25,17.89,22.14,15.08,24.12,22.89,8.8,20.16,25.72,20.49,19.39,13.07,21.75,15.15,20.28,13.67,23.04,19.58,10.25,19.35,7.91,15.61,16.0,16.35,23.91,16.53,10.0,19.03,16.38,22.32,15.51,14.38,24.0,13.15,14.84,18.08,10.68,17.28,11.8,17.84,21.77,25.9,6.06,24.13,6.24,17.57,22.47,14.04,12.71,20.0,21.85,22.92,10.74,18.08,19.14,22.31,16.03,10.53,15.09,22.2,13.01,8.71,9.54,19.04,24.38,9.58,23.05,19.5
Mouse_077,C57BL6,Drug,11.22,11.26,16.01,11.54,22.93,31.58,18.56,10.6,17.05,21.61,22.54,13.95,20.82,16.81,21.75,20.54,10.44,13.89,18.49,19.41,16.15,6.88,14.68,22.49,21.83,20.75,19.44,14.82,24.83,25.45,20.52,19.49,29.67,16.56,22.04,14.28,23.26,24.19,7.55,18.7,27.51,22.55,20.63,12.68,20.95,15.23,19.06,11.22,21.89,20.29,12.49,19.27,9.21,18.03,16.85,16.95,25.8,16.61,11.36,20.05,19.06,24.13,16.76,14.94,23.07,15.02,16.01,19.72,10.99,17.6,12.67,21.77,21.51,26.58,5.55,21.02,7.01,14.55,21.43,13.88,9.94,20.42,21.2,24.23,14.47,21.39,19.61,23.93,17.81,11.39,16.52,25.68,15.34,9.84,12.3,21.65,24.85,10.83,23.6,18.83
Mouse_078,C57BL6,Drug,6.39,9.04,10.96,6.73,18.81,27.2,15.02,6.89,12.31,17.57,17.9,11.58,21.24,15.77,22.56,21.75,12.34,15.37,20.29,21.03,18.66,7.44,14.5,24.28,20.79,18.65,18.75,13.58,23.85,24.51,19.12,17.07,26.91,14.57,21.27,11.58,25.22,23.95,10.2,21.28,27.37,22.37,20.92,14.88,22.49,17.58,21.8,12.69,23.22,21.52,11.46,18.61,9.76,18.54,18.3,20.0,25.72,17.73,12.61,19.09,13.46,20.3,16.14,12.26,21.75,10.42,14.13,18.44,9.05,15.07,10.46,17.82,21.51,25.79,5.8,22.33,6.07,13.4,21.54,13.94,10.15,18.1,20.41,21.12,15.37,18.92,19.71,25.3,17.38,11.57,15.8,26.29,14.43,9.86,12.09,22.06,25.25,12.51,22.8,19.42
Mouse_079,C57BL6,Drug,9.71,10.31,15.2,9.62,19.91,26.67,16.9,7.65,16.51,19.49,20.78,11.1,20.75,16.28,20.99,20.84,10.74,15.09,19.0,18.92,17.87,7.75,13.74,22.5,23.15,20.96,22.03,18.16,27.51,26.43,20.71,20.23,29.72,18.85,23.54,15.14,26.24,23.4,8.55,21.2,28.04,22.61,22.06,12.84,21.97,15.42,21.62,13.15,22.39,19.45,10.1,20.76,10.77,15.79,15.65,19.1,24.98,17.96,11.64,18.0,16.77,23.07,13.92,12.58,21.2,12.82,14.86,17.1,9.65,15.13,11.45,17.2,19.97,25.44,5.0,20.82,6.55,15.38,21.05,12.84,10.04,19.06,20.24,20.96,14.95,22.37,20.69,27.93,20.59,12.5,17.24,26.3,15.74,12.51,13.46,21.64,23.29,11.84,23.36,19.85
Mouse_080,C57BL6,Drug,9.52,11.15,16.62,10.29,21.93,28.29,17.5,10.9,16.39,22.89,21.3,13.97,24.41,19.21,23.55,21.76,12.41,18.21,21.05,22.34,21.6,9.42,15.86,25.74,23.65,19.83,21.8,15.55,26.48,25.38,19.96,20.13,29.99,17.98,23.09,13.78,25.47,23.85,9.0,19.19,23.38,19.34,18.44,11.97,20.15,15.47,19.75,10.35,22.05,19.46,10.45,20.59,9.37,17.01,16.27,19.14,25.68,18.0,11.69,18.01,15.23,22.06,14.35,12.78,24.53,14.75,15.68,20.11,11.88,15.81,12.16,19.92,21.1,26.44,5.94,21.91,6.88,13.56,20.35,13.15,10.42,19.19,18.36,21.58,12.23,21.36,19.27,24.25,16.95,9.67,13.44,23.34,14.04,8.28,11.02,21.05,23.27,9.85,23.98,19.86
